,year,position,player_name,team
0,1996,Goalkeeper,Mark Dodd,Dallas
0,1996,Goalkeeper,,
0,1996,Goalkeeper,,
0,1996,Goalkeeper,,
0,1997,Goalkeeper,Brad Friedel,Columbus
0,1997,Goalkeeper,,
0,1997,Goalkeeper,,
0,1997,Goalkeeper,,
0,1998,Goalkeeper,Zach Thornton,Chicago
0,1998,Goalkeeper,,
0,1998,Goalkeeper,,
0,1998,Goalkeeper,,
0,1999,Goalkeeper,Kevin Hartman,LA Galaxy
0,1999,Goalkeeper,,
0,1999,Goalkeeper,,
0,1999,Goalkeeper,,
0,2000,Goalkeeper,Tony Meola,Kansas City
0,2000,Goalkeeper,,
0,2000,Goalkeeper,,
0,2000,Goalkeeper,,
0,2001,Goalkeeper,Tim Howard,MetroStars
0,2001,Goalkeeper,,
0,2001,Goalkeeper,,
0,2001,Goalkeeper,,
0,2002,Goalkeeper,Tim Howard,MetroStars
0,2002,Goalkeeper,,
0,2002,Goalkeeper,,
0,2002,Goalkeeper,,
0,2003,Goalkeeper,Pat Onstad,San Jose
0,2003,Goalkeeper,,
0,2003,Goalkeeper,,
0,2003,Goalkeeper,,
0,2004,Goalkeeper,Joe Cannon,Colorado
0,2004,Goalkeeper,,
0,2004,Goalkeeper,,
0,2004,Goalkeeper,,
0,2005,Goalkeeper,Pat Onstad,San Jose
0,2005,Goalkeeper,,
0,2005,Goalkeeper,,
0,2005,Goalkeeper,,
0,2006,Goalkeeper,Troy Perkins,D.C. United
0,2006,Goalkeeper,,
0,2006,Goalkeeper,,
0,2006,Goalkeeper,,
0,2007,Goalkeeper,Brad Guzan,Chivas USA
0,2007,Goalkeeper,,
0,2007,Goalkeeper,,
0,2007,Goalkeeper,,
0,2008,Goalkeeper,Jon Busch,Chicago
0,2008,Goalkeeper,,
0,2008,Goalkeeper,,
0,2008,Goalkeeper,,
0,2009,Goalkeeper,Zach Thornton,Chivas USA
0,2009,Goalkeeper,,
0,2009,Goalkeeper,,
0,2009,Goalkeeper,,
0,2010,Goalkeeper,Donovan Ricketts,LA Galaxy
0,2010,Goalkeeper,,
0,2010,Goalkeeper,,
0,2010,Goalkeeper,,
0,2011,Goalkeeper,Kasey Keller,Seattle
0,2011,Goalkeeper,,
0,2011,Goalkeeper,,
0,2011,Goalkeeper,,
0,2012,Goalkeeper,Jimmy Nielsen,Sporting KC
0,2012,Goalkeeper,,
0,2012,Goalkeeper,,
0,2012,Goalkeeper,,
0,2013,Goalkeeper,Donovan Ricketts,Portland
0,2013,Goalkeeper,,
0,2013,Goalkeeper,,
0,2013,Goalkeeper,,
0,2014,Goalkeeper,Bill Hamid,D.C. United
0,2014,Goalkeeper,,
0,2014,Goalkeeper,,
0,2014,Goalkeeper,,
0,2015,Goalkeeper,Luis Robles,Red Bulls
0,2015,Goalkeeper,,
0,2015,Goalkeeper,,
0,2015,Goalkeeper,,
0,2016,Goalkeeper,Andre Blake,Philadelphia
0,2016,Goalkeeper,,
0,2016,Goalkeeper,,
0,2016,Goalkeeper,,
0,2017,Goalkeeper,Tim Melia,Sporting KC
0,2017,Goalkeeper,,
0,2017,Goalkeeper,,
0,2017,Goalkeeper,,
0,2018,Goalkeeper,Zack Steffen,Columbus
0,2018,Goalkeeper,,
0,2018,Goalkeeper,,
0,2018,Goalkeeper,,
0,2019,Goalkeeper,Vito Mannone,Minnesota
0,2019,Goalkeeper,,
0,2019,Goalkeeper,,
0,2019,Goalkeeper,,
0,2020,Goalkeeper,Andre Blake,Philadelphia
0,2020,Goalkeeper,,
0,2020,Goalkeeper,,
0,2020,Goalkeeper,,
0,2021,Goalkeeper,Matt Turner,New England
0,2021,Goalkeeper,,
0,2021,Goalkeeper,,
0,2021,Goalkeeper,,
0,2022,Goalkeeper,Andre Blake,Philadelphia
0,2022,Goalkeeper,,
0,2022,Goalkeeper,,
0,2022,Goalkeeper,,
0,1996,Defenders,Leonel Álvarez,Dallas
0,1996,Defenders,John Doyle,San Jose
0,1996,Defenders,Robin Fraser,LA Galaxy
0,1996,Defenders,,
0,1997,Defenders,Jeff Agoos,D.C. United
0,1997,Defenders,Thomas Dooley,Columbus
0,1997,Defenders,Richard Gough,Kansas City
0,1997,Defenders,Eddie Pope,D.C. United
0,1998,Defenders,Thomas Dooley,Columbus
0,1998,Defenders,Robin Fraser,LA Galaxy
0,1998,Defenders,Luboš Kubík,Chicago
0,1998,Defenders,Eddie Pope,D.C. United
0,1999,Defenders,Jeff Agoos,D.C. United
0,1999,Defenders,Luboš Kubík,Chicago
0,1999,Defenders,Robin Fraser,LA Galaxy
0,1999,Defenders,,
0,2000,Defenders,Robin Fraser,LA Galaxy
0,2000,Defenders,Greg Vanney,LA Galaxy
0,2000,Defenders,Peter Vermes,Kansas City
0,2000,Defenders,,
0,2001,Defenders,Jeff Agoos,San Jose
0,2001,Defenders,Carlos Llamosa,Miami
0,2001,Defenders,Pablo Mastroeni,Miami
0,2001,Defenders,Greg Vanney,LA Galaxy
0,2002,Defenders,Wade Barrett,San Jose
0,2002,Defenders,Carlos Bocanegra,Chicago
0,2002,Defenders,Alexi Lalas,LA Galaxy
0,2002,Defenders,,
0,2003,Defenders,Carlos Bocanegra,Chicago
0,2003,Defenders,Ryan Nelsen,D.C. United
0,2003,Defenders,Eddie Pope,MetroStars
0,2003,Defenders,,
0,2004,Defenders,Jimmy Conrad,Kansas City
0,2004,Defenders,Robin Fraser,Columbus
0,2004,Defenders,Ryan Nelsen,D.C. United
0,2004,Defenders,Eddie Pope,MetroStars
0,2005,Defenders,Chris Albright,LA Galaxy
0,2005,Defenders,Danny Califf,San Jose
0,2005,Defenders,Jimmy Conrad,Kansas City
0,2005,Defenders,,
0,2006,Defenders,Bobby Boswell,D.C. United
0,2006,Defenders,José Burciaga Jr.,Kansas City
0,2006,Defenders,Jimmy Conrad,Kansas City
0,2006,Defenders,,
0,2007,Defenders,Jonathan Bornstein,Chivas USA
0,2007,Defenders,Michael Parkhurst,New England
0,2007,Defenders,Eddie Robinson,Houston
0,2007,Defenders,,
0,2008,Defenders,Jimmy Conrad,Kansas City
0,2008,Defenders,Chad Marshall,Columbus
0,2008,Defenders,Bakary Soumaré,Chicago
0,2008,Defenders,,
0,2009,Defenders,Geoff Cameron,Houston
0,2009,Defenders,Wilman Conde,Chicago
0,2009,Defenders,Chad Marshall,Columbus
0,2009,Defenders,,
0,2010,Defenders,Nat Borchers,Salt Lake
0,2010,Defenders,Omar Gonzalez,LA Galaxy
0,2010,Defenders,Jámison Olave,Salt Lake
0,2010,Defenders,,
0,2011,Defenders,Todd Dunivant,LA Galaxy
0,2011,Defenders,Omar Gonzalez,LA Galaxy
0,2011,Defenders,Jámison Olave,Salt Lake
0,2011,Defenders,,
0,2012,Defenders,Víctor Bernárdez,San Jose
0,2012,Defenders,Matt Besler,Sporting KC
0,2012,Defenders,Aurélien Collin,Sporting KC
0,2012,Defenders,,
0,2013,Defenders,Matt Besler,Sporting KC
0,2013,Defenders,José Gonçalves,New England
0,2013,Defenders,Omar Gonzalez,LA Galaxy
0,2013,Defenders,,
0,2014,Defenders,Bobby Boswell,D.C. United
0,2014,Defenders,Omar Gonzalez,LA Galaxy
0,2014,Defenders,Chad Marshall,Seattle
0,2014,Defenders,,
0,2015,Defenders,Laurent Ciman,Montreal
0,2015,Defenders,Matt Hedges,Dallas
0,2015,Defenders,Kendall Waston,Vancouver
0,2015,Defenders,,
0,2016,Defenders,Matt Hedges,Dallas
0,2016,Defenders,Axel Sjöberg,Colorado
0,2016,Defenders,Jelle Van Damme,LA Galaxy
0,2016,Defenders,,
0,2017,Defenders,Justin Morrow,Toronto
0,2017,Defenders,Ike Opara,Sporting KC
0,2017,Defenders,Kendall Waston,Vancouver
0,2017,Defenders,,
0,2018,Defenders,Kemar Lawrence,Red Bulls
0,2018,Defenders,Aaron Long,Red Bulls
0,2018,Defenders,Chad Marshall,Seattle
0,2018,Defenders,,
0,2019,Defenders,Ike Opara,Minnesota
0,2019,Defenders,Miles Robinson,Atlanta
0,2019,Defenders,Walker Zimmerman,LAFC
0,2019,Defenders,,
0,2020,Defenders,Mark McKenzie,Philadelphia
0,2020,Defenders,Jonathan Mensah,Columbus
0,2020,Defenders,Walker Zimmerman,Nashville
0,2020,Defenders,,
0,2021,Defenders,Yeimar Gómez,Seattle
0,2021,Defenders,Miles Robinson,Atlanta
0,2021,Defenders,Walker Zimmerman,Nashville
0,2021,Defenders,,
0,2022,Defenders,Jakob Glesnes,Philadelphia
0,2022,Defenders,Kai Wagner,Philadelphia
0,2022,Defenders,Walker Zimmerman,Nashville
0,2022,Defenders,,
0,1996,Midfielders,Mauricio Cienfuegos,LA Galaxy
0,1996,Midfielders,Roberto Donadoni,MetroStars
0,1996,Midfielders,Marco Etcheverry,D.C. United
0,1996,Midfielders,Preki,Kansas City
0,1997,Midfielders,Mark Chung,Kansas City
0,1997,Midfielders,Marco Etcheverry,D.C. United
0,1997,Midfielders,Preki,Kansas City
0,1997,Midfielders,Carlos Valderrama,Tampa Bay
0,1998,Midfielders,Chris Armas,Chicago
0,1998,Midfielders,Mauricio Cienfuegos,LA Galaxy
0,1998,Midfielders,Marco Etcheverry,D.C. United
0,1998,Midfielders,Piotr Nowak,Chicago
0,1999,Midfielders,Chris Armas,Chicago
0,1999,Midfielders,Mauricio Cienfuegos,LA Galaxy
0,1999,Midfielders,Marco Etcheverry,D.C. United
0,1999,Midfielders,Eddie Lewis,San Jose
0,2000,Midfielders,Chris Armas,Chicago
0,2000,Midfielders,Piotr Nowak,Chicago
0,2000,Midfielders,Steve Ralston,Tampa Bay
0,2000,Midfielders,Hristo Stoichkov,Chicago
0,2001,Midfielders,Chris Armas,Chicago
0,2001,Midfielders,Piotr Nowak,Chicago
0,2001,Midfielders,Preki,Miami
0,2001,Midfielders,,
0,2002,Midfielders,Mark Chung,Colorado
0,2002,Midfielders,Ronnie Ekelund,San Jose
0,2002,Midfielders,Óscar Pareja,Dallas
0,2002,Midfielders,Steve Ralston,New England
0,2003,Midfielders,Chris Armas,Chicago
0,2003,Midfielders,DaMarcus Beasley,Chicago
0,2003,Midfielders,Mark Chung,Colorado
0,2003,Midfielders,Landon Donovan,San Jose
0,2004,Midfielders,Eddie Gaven,MetroStars
0,2004,Midfielders,Amado Guevara,MetroStars
0,2004,Midfielders,Ronnie O'Brien,Dallas
0,2004,Midfielders,Kerry Zavagnin,Kansas City
0,2005,Midfielders,Clint Dempsey,New England
0,2005,Midfielders,Dwayne De Rosario,San Jose
0,2005,Midfielders,Christian Gómez,D.C. United
0,2005,Midfielders,Shalrie Joseph,New England
0,2006,Midfielders,Ricardo Clark,Houston
0,2006,Midfielders,Clint Dempsey,New England
0,2006,Midfielders,Dwayne De Rosario,Houston
0,2006,Midfielders,Christian Gómez,D.C. United
0,2007,Midfielders,Guillermo Barros Schelotto,Columbus
0,2007,Midfielders,Dwayne De Rosario,Houston
0,2007,Midfielders,Christian Gómez,D.C. United
0,2007,Midfielders,Shalrie Joseph,New England
0,2008,Midfielders,Cuauhtémoc Blanco,Chicago
0,2008,Midfielders,Shalrie Joseph,New England
0,2008,Midfielders,Sacha Kljestan,Chivas USA
0,2008,Midfielders,Robbie Rogers,Columbus
0,2009,Midfielders,Dwayne De Rosario,Toronto
0,2009,Midfielders,Landon Donovan,LA Galaxy
0,2009,Midfielders,Stuart Holden,Houston
0,2009,Midfielders,Shalrie Joseph,New England
0,2010,Midfielders,Dwayne De Rosario,Toronto
0,2010,Midfielders,Landon Donovan,LA Galaxy
0,2010,Midfielders,David Ferreira,Dallas
0,2010,Midfielders,Sébastien Le Toux,Philadelphia
0,2011,Midfielders,David Beckham,LA Galaxy
0,2011,Midfielders,Brad Davis,Houston
0,2011,Midfielders,Dwayne De Rosario,D.C. United
0,2011,Midfielders,Landon Donovan,LA Galaxy
0,2012,Midfielders,Osvaldo Alonso,Seattle
0,2012,Midfielders,Landon Donovan,LA Galaxy
0,2012,Midfielders,Chris Pontius,D.C. United
0,2012,Midfielders,Graham Zusi,Sporting KC
0,2013,Midfielders,Tim Cahill,Red Bulls
0,2013,Midfielders,Will Johnson,Portland
0,2013,Midfielders,Diego Valeri,Portland
0,2013,Midfielders,Graham Zusi,Sporting KC
0,2014,Midfielders,Landon Donovan,LA Galaxy
0,2014,Midfielders,Thierry Henry,Red Bulls
0,2014,Midfielders,Lee Nguyen,New England
0,2014,Midfielders,Diego Valeri,Portland
0,2015,Midfielders,Fabián Castillo,Dallas
0,2015,Midfielders,Benny Feilhaber,Sporting KC
0,2015,Midfielders,Ethan Finlay,Columbus
0,2015,Midfielders,Dax McCarty,Red Bulls
0,2016,Midfielders,Mauro Díaz,Dallas
0,2016,Midfielders,Giovani dos Santos,LA Galaxy
0,2016,Midfielders,Sacha Kljestan,Red Bulls
0,2016,Midfielders,Ignacio Piatti,Montreal
0,2017,Midfielders,Miguel Almirón,Atlanta
0,2017,Midfielders,Sebastian Giovinco,Toronto
0,2017,Midfielders,Diego Valeri,Portland
0,2017,Midfielders,Víctor Vázquez,Toronto
0,2018,Midfielders,Luciano Acosta,D.C. United
0,2018,Midfielders,Miguel Almirón,Atlanta
0,2018,Midfielders,Ignacio Piatti,Montreal
0,2018,Midfielders,Carlos Vela,LAFC
0,2019,Midfielders,Eduard Atuesta,LAFC
0,2019,Midfielders,Carles Gil,New England
0,2019,Midfielders,Maximiliano Moralez,New York City
0,2019,Midfielders,Alejandro Pozuelo,Toronto
0,2020,Midfielders,Brenden Aaronson,Philadelphia
0,2020,Midfielders,Diego Chará,Portland
0,2020,Midfielders,Nicolás Lodeiro,Seattle
0,2020,Midfielders,Alejandro Pozuelo,Toronto
0,2021,Midfielders,Tajon Buchanan,New England
0,2021,Midfielders,Carles Gil,New England
0,2021,Midfielders,Hany Mukhtar,Nashville
0,2021,Midfielders,João Paulo,Seattle
0,2022,Midfielders,Luciano Acosta,Cincinnati
0,2022,Midfielders,Sebastián Driussi,Austin
0,2022,Midfielders,Dániel Gazdag,Philadelphia
0,2022,Midfielders,Hany Mukhtar,Nashville
0,1996,Forwards,Eduardo Hurtado,LA Galaxy
0,1996,Forwards,Roy Lassiter,Tampa Bay
0,1996,Forwards,,
0,1996,Forwards,,
0,1997,Forwards,Ronald Cerritos,San Jose
0,1997,Forwards,Jaime Moreno,D.C. United
0,1997,Forwards,,
0,1997,Forwards,,
0,1998,Forwards,Stern John,Columbus
0,1998,Forwards,Cobi Jones,LA Galaxy
0,1998,Forwards,,
0,1998,Forwards,,
0,1999,Forwards,Jason Kreis,Dallas
0,1999,Forwards,Jaime Moreno,D.C. United
0,1999,Forwards,,
0,1999,Forwards,,
0,2000,Forwards,Mamadou Diallo,Tampa Bay
0,2000,Forwards,Clint Mathis,MetroStars
0,2000,Forwards,,
0,2000,Forwards,,
0,2001,Forwards,Alex Pineda Chacón,Miami
0,2001,Forwards,Diego Serna,Miami
0,2001,Forwards,John Spencer,Colorado
0,2001,Forwards,,
0,2002,Forwards,Jeff Cunningham,Columbus
0,2002,Forwards,Carlos Ruiz,LA Galaxy
0,2002,Forwards,Taylor Twellman,New England
0,2002,Forwards,,
0,2003,Forwards,Ante Razov,Chicago
0,2003,Forwards,John Spencer,Colorado
0,2003,Forwards,,
0,2003,Forwards,,
0,2004,Forwards,Brian Ching,San Jose
0,2004,Forwards,Jaime Moreno,D.C. United
0,2004,Forwards,,
0,2004,Forwards,,
0,2005,Forwards,Jaime Moreno,D.C. United
0,2005,Forwards,Taylor Twellman,New England
0,2005,Forwards,,
0,2005,Forwards,,
0,2006,Forwards,Jeff Cunningham,Salt Lake
0,2006,Forwards,Jaime Moreno,D.C. United
0,2006,Forwards,,
0,2006,Forwards,,
0,2007,Forwards,Juan Pablo Angel,Red Bulls
0,2007,Forwards,Luciano Emílio,D.C. United
0,2007,Forwards,,
0,2007,Forwards,,
0,2008,Forwards,Kenny Cooper,Dallas
0,2008,Forwards,Landon Donovan,LA Galaxy
0,2008,Forwards,,
0,2008,Forwards,,
0,2009,Forwards,Conor Casey,Colorado
0,2009,Forwards,Jeff Cunningham,Dallas
0,2009,Forwards,,
0,2009,Forwards,,
0,2010,Forwards,Edson Buddle,LA Galaxy
0,2010,Forwards,Chris Wondolowski,San Jose
0,2010,Forwards,,
0,2010,Forwards,,
0,2011,Forwards,Thierry Henry,Red Bulls
0,2011,Forwards,Chris Wondolowski,San Jose
0,2011,Forwards,,
0,2011,Forwards,,
0,2012,Forwards,Thierry Henry,Red Bulls
0,2012,Forwards,Robbie Keane,LA Galaxy
0,2012,Forwards,Chris Wondolowski,San Jose
0,2012,Forwards,,
0,2013,Forwards,Marco Di Vaio,Montreal
0,2013,Forwards,Robbie Keane,LA Galaxy
0,2013,Forwards,Mike Magee,Chicago
0,2013,Forwards,,
0,2014,Forwards,Robbie Keane,LA Galaxy
0,2014,Forwards,Obafemi Martins,Seattle
0,2014,Forwards,Bradley Wright-Phillips,Red Bulls
0,2014,Forwards,,
0,2015,Forwards,Sebastian Giovinco,Toronto
0,2015,Forwards,Kei Kamara,Columbus
0,2015,Forwards,Robbie Keane,LA Galaxy
0,2015,Forwards,,
0,2016,Forwards,Sebastian Giovinco,Toronto
0,2016,Forwards,David Villa,New York City
0,2016,Forwards,Bradley Wright-Phillips,Red Bulls
0,2016,Forwards,,
0,2017,Forwards,Josef Martínez,Atlanta
0,2017,Forwards,Nemanja Nikolić,Chicago
0,2017,Forwards,David Villa,New York City
0,2017,Forwards,,
0,2018,Forwards,Zlatan Ibrahimović,LA Galaxy
0,2018,Forwards,Josef Martínez,Atlanta
0,2018,Forwards,Wayne Rooney,D.C. United
0,2018,Forwards,,
0,2019,Forwards,Zlatan Ibrahimović,LA Galaxy
0,2019,Forwards,Josef Martínez,Atlanta
0,2019,Forwards,Carlos Vela,LAFC
0,2019,Forwards,,
0,2020,Forwards,Jordan Morris,Seattle
0,2020,Forwards,Diego Rossi,LAFC
0,2020,Forwards,Raúl Ruidíaz,Seattle
0,2020,Forwards,,
0,2021,Forwards,Gustavo Bou,New England
0,2021,Forwards,Valentín Castellanos,New York City
0,2021,Forwards,Raúl Ruidíaz,Seattle
0,2021,Forwards,,
0,2022,Forwards,Jesús Ferreira,Dallas
0,2022,Forwards,Brandon Vazquez,Cincinnati
0,2022,Forwards,Carlos Vela,LAFC
0,2022,Forwards,,
