Rk,Player,Nation,Pos,Squad,Age,Born,90s,Gls,Sh,SoT,SoT%,Sh/90,SoT/90,G/Sh,G/SoT,Dist,FK,PK,PKatt,xG,npxG,npxG/Sh,G-xG,np:G-xG,Matches,-9999
1,Paxten Aaronson,us USA,FWMF,Philadelphia,18,2003,4.8,1,12,5,41.7,2.5,1.04,0.08,0.2,17.6,0,0,0,1.3,1.3,0.11,-0.3,-0.3,Matches,4cd41883
2,Lalas Abubakar,gh GHA,DF,Colorado Rapids,27,1994,28,4,22,5,22.7,0.79,0.18,0.18,0.8,8.8,0,0,0,2.4,2.4,0.11,1.6,1.6,Matches,4a67f05b
3,Nicolás Acevedo,uy URU,MFDF,NYCFC,22,1999,25.2,0,20,5,25,0.8,0.2,0,0,27.5,0,0,0,0.7,0.7,0.04,-0.7,-0.7,Matches,6140be7b
4,Ifunanyachi Achara,us USA,FWMF,Toronto FC,24,1997,4.2,0,6,5,83.3,1.41,1.18,0,0,14.3,0,0,0,0.3,0.3,0.06,-0.3,-0.3,Matches,d31bf83e
5,Bryan Acosta,hn HON,MF,Colorado Rapids,28,1993,21.1,0,12,1,8.3,0.57,0.05,0,0,24,2,0,0,0.6,0.6,0.05,-0.6,-0.6,Matches,c5f400f4
6,George Acosta,us USA,MF,Inter Miami,22,2000,0.1,0,1,1,100,12.86,12.86,0,0,24.8,0,0,0,0.1,0.1,0.05,-0.1,-0.1,Matches,409d5b26
7,Kellyn Acosta,us USA,MFDF,Los Angeles FC,26,1995,28.3,2,32,9,28.1,1.13,0.32,0.06,0.22,21.8,4,0,0,2,2,0.06,0,0,Matches,ece10cfe
8,Luciano Acosta,ar ARG,MF,FC Cincinnati,27,1994,27.7,10,58,19,32.8,2.1,0.69,0.12,0.37,20.1,4,3,4,9.3,6.1,0.11,0.7,0.9,Matches,363ba6d7
9,Mo Adams,eng ENG,MF,Inter Miami,25,1996,3.9,0,1,0,0,0.25,0,0,,24.9,0,0,0,0,0,0.03,0,0,Matches,00362ef7
10,Samuel Adeniran,us USA,FW,Seattle,23,1998,0.8,0,1,0,0,1.23,0,0,,10.6,0,0,0,0.1,0.1,0.07,-0.1,-0.1,Matches,86429529
11,Harrison Afful,gh GHA,DF,Charlotte,35,1986,14.5,0,12,2,16.7,0.83,0.14,0,0,25,0,0,0,0.5,0.5,0.04,-0.5,-0.5,Matches,7d8ede09
12,Samuel Afriyie Owusu,gh GHA,DFMF,NYCFC,21,2000,0.1,0,1,0,0,7.5,0,0,,15.7,0,0,0,0,0,0.04,0,0,Matches,ea0af15a
13,William Agada,ng NGA,FW,Sporting KC,22,1999,10.2,8,41,21,51.2,4.02,2.06,0.2,0.38,11.9,0,0,0,7.3,7.2,0.18,0.7,0.8,Matches,d2275b1b
14,Oskar Ågren,se SWE,DF,San Jose,23,1998,2.8,0,1,0,0,0.36,0,0,,7.4,0,0,0,0.1,0.1,0.11,-0.1,-0.1,Matches,5ad77e97
15,Daniel Aguirre,us USA,MFDF,LA Galaxy,22,1999,4.2,1,4,2,50,0.96,0.48,0.25,0.5,20.1,0,0,0,0.3,0.3,0.08,0.7,0.7,Matches,ecc5063f
16,Ali Ahmed,ca CAN,DF,Vancouver,21,2000,0.6,0,1,0,0,1.61,0,0,,12.8,0,0,0,0,0,0.04,0,0,Matches,540a5be1
17,Arnaud Ake,ci CIV,FWMF,Nashville,23,1998,3.5,1,4,1,25,1.13,0.28,0.25,1,10.9,0,0,0,0.6,0.6,0.16,0.4,0.4,Matches,3402bb17
18,Tesho Akindele,ca CAN,FW,Orlando City,29,1992,6.8,3,22,6,27.3,3.25,0.89,0.14,0.5,11.3,0,0,0,2.4,2.4,0.11,0.6,0.6,Matches,8.97E+10
19,Matai Akinmboni,us USA,DF,D.C. United,15,2006,1.3,0,0,0,,0,0,,,,0,0,0,0,0,,0,0,Matches,cfed08d5
20,Ayo Akinola,ca CAN,FW,Toronto FC,22,2000,13.8,2,26,7,26.9,1.89,0.51,0.08,0.29,14.2,0,0,0,3.9,3.9,0.16,-1.9,-1.9,Matches,214d2406
21,Jordy Alcivar,ec ECU,MF,Charlotte,22,1999,11.3,1,16,7,43.8,1.41,0.62,0.06,0.14,26.3,3,0,0,0.8,0.8,0.05,0.2,0.2,Matches,6e98c19f
22,Caio Alexandre,br BRA,MFDF,Vancouver,22,1999,0.9,0,1,0,0,1.11,0,0,,29.6,0,0,0,0.1,0.1,0.06,-0.1,-0.1,Matches,08ac23b7
23,Tony Alfaro,us USA,DF,D.C. United,28,1993,10.5,0,1,0,0,0.1,0,0,,21.9,0,0,0,0.1,0.1,0.06,-0.1,-0.1,Matches,4118b12a
24,Noah Allen,us USA,DFMF,Inter Miami,17,2004,3.6,0,3,0,0,0.83,0,0,,23.2,0,0,0,0.1,0.1,0.05,-0.1,-0.1,Matches,043f389a
25,Thiago Almada,ar ARG,MFFW,Atlanta Utd,20,2001,26.4,6,77,24,31.2,2.92,0.91,0.08,0.25,22.5,7,0,0,6,6,0.08,0,0,Matches,27f33438
26,Osvaldo Alonso,cu CUB,MF,Atlanta Utd,36,1985,3.7,0,1,0,0,0.27,0,0,,23.4,0,0,0,0,0,0.03,0,0,Matches,8449bfda
27,Jozy Altidore,us USA,FWMF,New England,32,1989,6.6,1,14,2,14.3,2.11,0.3,0.07,0.5,15.8,0,0,0,1.7,1.7,0.12,-0.7,-0.7,Matches,8db8ad1e
28,Efrain Alvarez,mx MEX,MFFW,LA Galaxy,19,2002,15.5,3,49,17,34.7,3.17,1.1,0.06,0.18,21.1,3,0,0,4.2,4.2,0.09,-1.2,-1.2,Matches,3cd08ab7
29,Luis Amarilla,py PAR,FW,Minnesota Utd,26,1995,26.1,9,76,26,34.2,2.91,1,0.12,0.35,15.9,0,0,0,9,9,0.12,0,0,Matches,fa66adb6
30,Frankie Amaya,us USA,MF,NY Red Bulls,21,2000,22,1,15,7,46.7,0.68,0.32,0.07,0.14,26.4,0,0,0,0.5,0.5,0.04,0.5,0.5,Matches,2e8bd00c
31,Mikey Ambrose,us USA,DF,Atlanta Utd,28,1993,0.5,0,1,0,0,1.96,0,0,,20.1,0,0,0,0.1,0.1,0.07,-0.1,-0.1,Matches,f649d6aa
32,Malte Amundsen,dk DEN,DF,NYCFC,23,1998,23.3,0,14,1,7.1,0.6,0.04,0,0,20.8,0,0,0,0.7,0.7,0.05,-0.7,-0.7,Matches,83b6e15d
33,Max Anchor,ca CAN,GK,Vancouver,17,2004,1,0,0,0,,0,0,,,,0,0,0,0,0,,0,0,Matches,d6aa8848
34,Sebastian Anderson,us USA,DFMF,Colorado Rapids,19,2002,0.1,0,0,0,,0,0,,,,0,0,0,0,0,,0,0,Matches,3a9911ce
35,José Andrés Martínez,ve VEN,MF,Philadelphia,27,1994,28,0,30,4,13.3,1.07,0.14,0,0,30,1,0,0,0.9,0.9,0.03,-0.9,-0.9,Matches,c8364e8e
36,Iván Angulo,co COL,FW,Orlando City,22,1999,6.1,0,14,5,35.7,2.3,0.82,0,0,17.8,0,0,0,0.9,0.8,0.06,-0.9,-0.8,Matches,55a5d959
37,Jalil Anibaba,us USA,DF,Columbus Crew,33,1988,2.5,0,1,0,0,0.4,0,0,,7.1,0,0,0,0,0,0.03,0,0,Matches,e44593b0
38,Themi Antonoglou,ca CAN,DF,Toronto FC,20,2001,0.5,0,1,0,0,2.2,0,0,,10.6,0,0,0,0,0,0.04,0,0,Matches,b137ee51
39,Brian Anunga,cm CMR,MF,Nashville,25,1996,9.4,0,4,0,0,0.43,0,0,,26.1,0,0,0,0.2,0.2,0.04,-0.2,-0.2,Matches,17b28ec7
40,Cristian Arango,co COL,FW,Los Angeles FC,26,1995,26,16,106,45,42.5,4.08,1.73,0.14,0.33,18,6,1,2,16.3,14.7,0.14,-0.3,0.3,Matches,fea9401e
41,César Araujo,uy URU,MF,Orlando City,20,2001,27.3,0,17,2,11.8,0.62,0.07,0,0,25.5,0,0,0,0.7,0.7,0.04,-0.7,-0.7,Matches,3ed214ff
42,Julian Araujo,mx MEX,DF,LA Galaxy,20,2001,30.5,0,14,2,14.3,0.46,0.07,0,0,17.3,0,0,0,1.5,1.5,0.11,-1.5,-1.5,Matches,8f4541c2
43,Luiz Araújo,br BRA,FWMF,Atlanta Utd,25,1996,24.3,4,97,31,32,3.99,1.27,0.04,0.13,21,4,0,1,9,8.2,0.08,-5,-4.2,Matches,fa18c72e
44,Daniel Armando Ríos,mx MEX,FW,Charlotte,26,1995,15.7,7,37,13,35.1,2.35,0.83,0.16,0.46,12.9,0,1,1,6.6,5.8,0.16,0.4,0.2,Matches,078b2c07
45,Adam Armour,us USA,MF,Charlotte,19,2002,0.9,1,3,2,66.7,3.18,2.12,0.33,0.5,20.1,0,0,0,0.2,0.2,0.05,0.8,0.8,Matches,546c2c25
46,Xavier Arreaga,ec ECU,DF,Seattle,27,1994,24.1,1,9,3,33.3,0.37,0.12,0.11,0.33,14.1,0,0,0,1.1,1.1,0.12,-0.1,-0.1,Matches,7f2b7640
47,Kervin Arriaga,hn HON,MF,Minnesota Utd,24,1998,21,1,21,3,14.3,1,0.14,0.05,0.33,21.7,2,0,0,1.2,1.2,0.06,-0.2,-0.2,Matches,4f8a9f70
48,Paul Arriola,us USA,FW,FC Dallas,26,1995,28.5,10,55,21,38.2,1.93,0.74,0.18,0.48,16.7,2,0,0,6.7,6.7,0.12,3.3,3.3,Matches,1bb2acce
49,Artur,br BRA,MF,Columbus Crew,25,1996,18.2,0,23,4,17.4,1.26,0.22,0,0,23.3,0,0,0,0.9,0.9,0.04,-0.9,-0.9,Matches,ea6803c7
50,Dairon Asprilla,co COL,FWMF,Portland Timbers,29,1992,20.5,10,46,13,28.3,2.24,0.63,0.13,0.46,18.1,0,4,4,7.8,4.6,0.1,2.2,1.4,Matches,218d336c
51,Isaac Atanga,gh GHA,DF,FC Cincinnati,21,2000,0.5,0,0,0,,0,0,,,,0,0,0,0,0,,0,0,Matches,ff0f2a53
52,Joshua Atencio,us USA,MF,Seattle,20,2002,8.1,0,7,1,14.3,0.87,0.12,0,0,25.1,0,0,0,0.3,0.3,0.04,-0.3,-0.3,Matches,1f084637
53,Roberto Avila,us USA,FWMF,Houston Dynamo,21,2000,1.8,0,4,1,25,2.26,0.57,0,0,20.4,0,0,0,0.2,0.2,0.06,-0.2,-0.2,Matches,bb666b57
54,David Ayala,ar ARG,MF,Portland Timbers,19,2002,8.2,0,11,3,27.3,1.34,0.36,0,0,26.5,0,0,0,0.4,0.4,0.03,-0.4,-0.4,Matches,06dafc0e
55,Edison Azcona,do DOM,MF,Inter Miami,18,2003,0.2,0,0,0,,0,0,,,,0,0,0,0,0,,0,0,Matches,05f54837
56,Dominique Badji,sn SEN,FW,FC Cincinnati,29,1992,12.2,0,28,12,42.9,2.29,0.98,0,0,15.9,0,0,0,3.3,3.3,0.12,-3.3,-3.3,Matches,758ac389
57,Zico Bailey,us USA,DFMF,FC Cincinnati,21,2000,0.9,0,0,0,,0,0,,,,0,0,0,0,0,,0,0,Matches,aa9e1161
58,Corey Baird,us USA,FW,Houston Dynamo,26,1996,14.9,2,16,7,43.8,1.07,0.47,0.13,0.29,15.9,0,0,0,1.7,1.7,0.11,0.3,0.3,Matches,2d0d1442
59,Esmir Bajraktarevic,us USA,MFFW,New England,16,2005,1.4,0,0,0,,0,0,,,,0,0,0,0,0,,0,0,Matches,dff24174
60,Reed Baker-Whiting,us USA,MF,Seattle,16,2005,1.1,0,3,3,100,2.84,2.84,0,0,17.1,0,0,0,0.6,0.6,0.21,-0.6,-0.6,Matches,816d7aec
61,Michael Baldisimo,ca CAN,MF,Vancouver,21,2000,5.1,0,3,2,66.7,0.59,0.4,0,0,33.2,0,0,0,0.2,0.2,0.06,-0.2,-0.2,Matches,894b41c5
62,Gareth Bale,wls WAL,FW,Los Angeles FC,32,1989,3.9,2,17,6,35.3,4.31,1.52,0.12,0.33,17.8,1,0,0,2,2,0.13,0,0,Matches,a58bb1e1
63,Tom Barlow,us USA,FW,NY Red Bulls,26,1995,12.2,4,22,9,40.9,1.8,0.74,0.14,0.33,11.3,0,1,1,4.7,3.9,0.18,-0.7,-0.9,Matches,da4821de
64,Álvaro Barreal,ar ARG,DFMF,FC Cincinnati,21,2000,24.4,5,48,23,47.9,1.96,0.94,0.1,0.22,21.3,8,0,0,3,3,0.06,2,2,Matches,ffca53e1
65,Michael Barrios,co COL,FWMF,Colorado Rapids,30,1991,21.2,2,46,11,23.9,2.17,0.52,0.04,0.18,15.1,0,0,0,4.3,4.3,0.09,-2.3,-2.3,Matches,df782c79
66,Ethan Bartlow,us USA,DFMF,Houston Dynamo,21,2000,10.1,0,1,1,100,0.1,0.1,0,0,16,0,0,0,0.1,0.1,0.07,-0.1,-0.1,Matches,552898bd
67,Zorhan Bassong,ca CAN,DF,CF Montréal,22,1999,2.1,0,2,0,0,0.96,0,0,,7.9,0,0,0,0.1,0.1,0.05,-0.1,-0.1,Matches,6297d826
68,Tanner Beason,us USA,DF,San Jose,24,1997,24.9,0,5,1,20,0.2,0.04,0,0,10.5,0,0,0,0.7,0.7,0.14,-0.7,-0.7,Matches,3f1b018e
69,Simon Becher,us USA,FW,Vancouver,22,1999,0.1,1,1,1,100,10,10,1,1,6.2,0,0,0,0.3,0.3,0.27,0.7,0.7,Matches,bc921182
70,Alejandro Bedoya,us USA,MF,Philadelphia,34,1987,26.9,6,36,13,36.1,1.34,0.48,0.17,0.46,14.7,0,0,0,3.3,3.3,0.09,2.7,2.7,Matches,9a6f8dfd
71,Steven Beitashour,ir IRN,DFMF,Colorado Rapids,34,1987,14.6,0,5,0,0,0.34,0,0,,21.7,0,0,0,0.2,0.2,0.04,-0.2,-0.2,Matches,64f1680a
72,Jon Bell,us USA,DF,New England,24,1997,11.7,1,3,1,33.3,0.26,0.09,0.33,1,7.8,0,0,0,0.4,0.4,0.14,0.6,0.6,Matches,658a3134
73,Ben Bender,us USA,MF,Charlotte,20,2001,18.3,3,25,7,28,1.37,0.38,0.12,0.43,20.9,0,0,0,2.7,2.7,0.11,0.3,0.3,Matches,bc307884
74,Alan Benítez,py PAR,DF,Minnesota Utd,28,1994,6.3,1,5,3,60,0.79,0.47,0.2,0.33,17.6,0,0,0,0.3,0.3,0.05,0.7,0.7,Matches,5c7c798b
75,Julio Benitez,us USA,MF,Real Salt Lake,16,2005,0.1,0,0,0,,0,0,,,,,0,0,,,,,,Matches,625ed11d
76,Christian Benteke,be BEL,FW,D.C. United,31,1990,6.2,1,23,5,21.7,3.71,0.81,0.04,0.2,13.6,0,0,1,2.7,1.8,0.08,-1.7,-0.8,Matches,ab070c55
77,Sebastian Berhalter,us USA,MF,Vancouver,20,2001,11.4,0,13,4,30.8,1.14,0.35,0,0,22.9,0,0,0,0.5,0.5,0.04,-0.5,-0.5,Matches,f33ee427
78,Federico Bernardeschi,it ITA,FW,Toronto FC,27,1994,12.2,8,35,10,28.6,2.87,0.82,0.09,0.3,23.1,4,5,5,6.3,2.3,0.07,1.7,0.7,Matches,ee93c1a9
79,Miguel Berry,es ESP,FWMF,D.C. United,24,1997,7.9,0,8,4,50,1.01,0.51,0,0,11.1,0,0,0,1,1,0.12,-1,-1,Matches,a5532e80
80,Miguel Berry,es ESP,FW,Columbus Crew,24,1997,10.8,2,20,4,20,1.86,0.37,0.1,0.5,13.6,1,0,0,2.7,2.7,0.13,-0.7,-0.7,Matches,a5532e80
81,Matt Bersano,us USA,GK,San Jose,29,1992,1.5,0,0,0,,0,0,,,,0,0,0,0,0,,0,0,Matches,9110da2b
82,Nick Besler,us USA,MFDF,Real Salt Lake,28,1993,2.8,0,2,1,50,0.72,0.36,0,0,20.8,0,0,0,0,0,0.02,0,0,Matches,cc9fa1a8
83,Victor Bezerra,us USA,FWDF,Chicago Fire,21,2000,0.5,0,0,0,,0,0,,,,0,0,0,0,0,,0,0,Matches,cbfb6ca5
84,David Bingham,us USA,GK,Portland Timbers,32,1989,2,0,0,0,,0,0,,,,0,0,0,0,0,,0,0,Matches,7fd42a85
85,Steve Birnbaum,us USA,DF,D.C. United,31,1991,31.7,2,23,6,26.1,0.73,0.19,0.09,0.33,11.9,0,0,0,1.7,1.6,0.07,0.3,0.4,Matches,26637ac8
86,Tyler Blackett,eng ENG,DF,FC Cincinnati,27,1994,14.9,0,7,1,14.3,0.47,0.07,0,0,10.1,0,0,0,0.6,0.6,0.08,-0.6,-0.6,Matches,a68a5466
87,Tristan Blackmon,us USA,DF,Vancouver,25,1996,23.7,1,14,5,35.7,0.59,0.21,0.07,0.2,10.7,0,0,0,2,2,0.14,-1,-1,Matches,7f35d14e
88,Andre Blake,jm JAM,GK,Philadelphia,31,1990,34,0,0,0,,0,0,,,,0,0,0,0,0,,0,0,Matches,b3b21a11
89,Sebastián Blanco,ar ARG,FWMF,Portland Timbers,33,1988,20.2,7,58,19,32.8,2.87,0.94,0.1,0.32,20.5,2,1,1,5.6,4.8,0.08,1.4,1.2,Matches,4ddd0834
90,Latif Blessing,gh GHA,MFFW,Los Angeles FC,25,1996,14.8,0,16,4,25,1.08,0.27,0,0,14.4,0,0,0,1.8,1.8,0.11,-1.8,-1.8,Matches,5153d32e
91,Emmanuel Boateng,gh GHA,FWMF,New England,28,1994,11.1,2,14,6,42.9,1.26,0.54,0.14,0.33,11.5,0,0,0,1.7,1.7,0.12,0.3,0.3,Matches,25f77a5f
92,Blake Bodily,us USA,FWDF,Portland Timbers,24,1998,0.2,0,0,0,,0,0,,,,0,0,0,0,0,,0,0,Matches,612a0951
93,Isaac Boehmer,us USA,GK,Vancouver,20,2001,2.5,0,0,0,,0,0,,,,0,0,0,0,0,,0,0,Matches,9792574e
94,Jonathan Bond,eng ENG,GK,LA Galaxy,28,1993,34,0,0,0,,0,0,,,,0,0,0,0,0,,0,0,Matches,c3a86eea
95,Pablo Bonilla,ve VEN,DF,Portland Timbers,22,1999,2.8,0,0,0,,0,0,,,,0,0,0,0,0,,0,0,Matches,da23cdc3
96,Alex Bono,us USA,GK,Toronto FC,27,1994,24,0,0,0,,0,0,,,,0,0,0,0,0,,0,0,Matches,aa28a396
97,Jonathan Bornstein,us USA,DFMF,Chicago Fire,37,1984,13.3,1,5,1,20,0.37,0.07,0.2,1,17.3,0,0,0,0.1,0.1,0.02,0.9,0.9,Matches,79a6c95f
98,Dylan Borrero,co COL,FW,New England,20,2002,6.7,3,19,6,31.6,2.84,0.9,0.16,0.5,19.1,0,0,0,1.7,1.7,0.09,1.3,1.3,Matches,a72d14de
99,Gustavo Bou,ar ARG,FW,New England,31,1990,17.8,8,72,29,40.3,4.05,1.63,0.1,0.24,18.7,3,1,1,7.5,6.7,0.09,0.5,0.3,Matches,3dfcc735
100,Denis Bouanga,ga GAB,FW,Los Angeles FC,27,1994,5.5,1,26,8,30.8,4.72,1.45,0.04,0.13,16.2,1,0,0,3.3,3.3,0.13,-2.3,-2.3,Matches,0b0cbe5b
101,Ousseni Bouda,bf BFA,FWMF,San Jose,21,2000,1.3,0,5,1,20,3.81,0.76,0,0,14.4,0,0,0,0.3,0.3,0.07,-0.3,-0.3,Matches,0672f944
102,Michael Boxall,nz NZL,DF,Minnesota Utd,33,1988,31,0,9,0,0,0.29,0,0,,11.6,0,0,0,1.3,1.3,0.14,-1.3,-1.3,Matches,6bfa0d3a
103,Michael Bradley,us USA,MF,Toronto FC,34,1987,33.9,3,15,6,40,0.44,0.18,0.2,0.5,20.3,2,0,0,1,1,0.06,2,2,Matches,fd5e3a73
104,Christopher Brady,us USA,GK,Chicago Fire,17,2004,1,0,0,0,,0,0,,,,0,0,0,0,0,,0,0,Matches,a71768a2
105,Zachary Brault-Guillard,ca CAN,DF,CF Montréal,23,1998,7,4,6,4,66.7,0.86,0.57,0.67,1,14.5,0,0,0,1.2,1.2,0.2,2.8,2.8,Matches,948a58c2
106,Claudio Bravo,ar ARG,DF,Portland Timbers,24,1997,24.5,0,24,2,8.3,0.98,0.08,0,0,23.5,0,0,0,1.1,1.1,0.04,-1.1,-1.1,Matches,5619c5e8
107,Brenner,br BRA,FW,FC Cincinnati,22,2000,22.8,18,76,33,43.4,3.33,1.44,0.22,0.52,14.4,0,1,1,12.4,11.6,0.15,5.6,5.4,Matches,279508bf
108,Sebastian Breza,ca CAN,GK,CF Montréal,23,1998,23,0,0,0,,0,0,,,,0,0,0,0,0,,0,0,Matches,52e7f812
109,Emiliano Brienza,ca CAN,FW,Vancouver,19,2002,0,0,1,0,0,30,0,0,,14.1,0,0,0,0.1,0.1,0.07,-0.1,-0.1,Matches,b54cf257
110,Andrew Brody,us USA,DF,Real Salt Lake,26,1995,32.8,2,15,8,53.3,0.46,0.24,0.13,0.25,14.9,0,0,0,1.4,1.4,0.09,0.6,0.6,Matches,33e46323
111,Brandt Bronico,us USA,MF,Charlotte,26,1995,31.2,1,22,8,36.4,0.7,0.26,0.05,0.13,19.2,0,0,0,1.7,1.7,0.08,-0.7,-0.7,Matches,bd4460b1
112,Javain Brown,jm JAM,DF,Vancouver,22,1999,20.6,1,10,2,20,0.48,0.1,0.1,0.5,16.6,0,0,0,0.8,0.8,0.08,0.2,0.2,Matches,3d14c62e
113,Gastón Brugman,uy URU,MF,LA Galaxy,29,1992,12.5,3,15,7,46.7,1.2,0.56,0.2,0.43,25.9,1,0,0,0.9,0.9,0.06,2.1,2.1,Matches,e947ee4a
114,Will Bruin,us USA,FW,Seattle,32,1989,9.6,3,20,5,25,2.07,0.52,0.15,0.6,10.7,0,0,0,2.8,2.8,0.14,0.2,0.2,Matches,87a6ac29
115,Noel Buck,us USA,MFFW,New England,16,2005,3.2,1,6,3,50,1.85,0.92,0.17,0.33,20.7,0,0,0,0.5,0.5,0.08,0.5,0.5,Matches,3d47c1ad
116,Adam Buksa,pl POL,FW,New England,25,1996,9.1,7,34,14,41.2,3.75,1.55,0.21,0.5,10.5,0,0,0,3.7,3.7,0.11,3.3,3.3,Matches,3b676989
117,Teal Bunbury,us USA,FWMF,Nashville,31,1990,7.3,5,27,12,44.4,3.72,1.65,0.19,0.42,12.4,0,0,0,3.9,3.9,0.15,1.1,1.1,Matches,3077fce8
118,Cory Burke,jm JAM,FW,Philadelphia,30,1991,13.3,7,43,17,39.5,3.24,1.28,0.16,0.41,13.4,0,0,0,5.9,5.9,0.14,1.1,1.1,Matches,39fde61c
119,Kendall Burks,us USA,DF,Chicago Fire,22,1999,2,0,2,0,0,0.99,0,0,,18,0,0,0,0.3,0.3,0.13,-0.3,-0.3,Matches,38e88892
120,Handwalla Bwana,so SOM,FW,Nashville,24,1997,0.1,0,0,0,,0,0,,,,0,0,0,0,0,,0,0,Matches,b56080ee
121,Brandon Bye,us USA,DF,New England,26,1995,28.5,2,34,9,26.5,1.19,0.32,0.06,0.22,14.6,0,0,0,3,3,0.09,-1,-1,Matches,9fcd12af
122,Nathan Byrne,eng ENG,DF,Charlotte,29,1992,3.2,0,0,0,,0,0,,,,0,0,0,0,0,,0,0,Matches,c4041fbc
123,Kevin Cabral,fr FRA,FWMF,LA Galaxy,22,1999,18.7,1,35,11,31.4,1.88,0.59,0.03,0.09,13.4,0,0,0,5.3,5.3,0.15,-4.3,-4.3,Matches,42af215b
124,Martín Cáceres,uy URU,DF,LA Galaxy,34,1987,4.8,0,2,0,0,0.42,0,0,,10.2,0,0,0,0.1,0.1,0.04,-0.1,-0.1,Matches,e94d79e3
125,Deiber Caicedo,co COL,FWMF,Vancouver,21,2000,10.9,1,19,4,21.1,1.74,0.37,0.05,0.25,18.7,1,0,0,1.6,1.6,0.08,-0.6,-0.6,Matches,9bfa2f52
126,Scott Caldwell,us USA,MF,Real Salt Lake,30,1991,15.1,0,3,0,0,0.2,0,0,,20.4,0,0,0,0.4,0.4,0.14,-0.4,-0.4,Matches,4a54592d
127,Drake Callender,us USA,GK,Inter Miami,24,1997,24,0,0,0,,0,0,,,,0,0,0,0,0,,0,0,Matches,c4d9567d
128,Alexander Callens,pe PER,DF,NYCFC,29,1992,26.5,5,25,10,40,0.94,0.38,0.2,0.5,9.8,0,0,0,4.4,4.4,0.18,0.6,0.6,Matches,af34f10d
129,Francisco Calvo,cr CRC,DF,San Jose,29,1992,13,2,15,5,33.3,1.15,0.38,0.13,0.4,15.7,0,0,0,1.7,1.7,0.12,0.3,0.3,Matches,706bd23f
130,Rudy Camacho,fr FRA,DF,CF Montréal,30,1991,27.5,1,9,2,22.2,0.33,0.07,0.11,0.5,11,0,0,0,0.8,0.8,0.09,0.2,0.2,Matches,6ad16d47
131,Geoff Cameron,us USA,DF,FC Cincinnati,36,1985,23.5,0,8,2,25,0.34,0.09,0,0,9,0,0,0,1.2,1.2,0.15,-1.2,-1.2,Matches,1a160ea3
132,Leonardo Campana,ec ECU,FW,Inter Miami,21,2000,17.6,11,54,25,46.3,3.07,1.42,0.2,0.44,13.9,0,0,0,8.4,8.4,0.15,2.6,2.6,Matches,bf9c0749
133,George Campbell,us USA,DF,Atlanta Utd,20,2001,16.4,0,8,3,37.5,0.49,0.18,0,0,11.6,0,0,0,0.7,0.7,0.08,-0.7,-0.7,Matches,45e1a597
134,Russell Canouse,us USA,MF,D.C. United,26,1995,13.2,1,5,2,40,0.38,0.15,0.2,0.5,12.8,0,0,0,0.7,0.7,0.14,0.3,0.3,Matches,ec730d9a
135,Nathan Cardoso,br BRA,DF,San Jose,26,1995,25.2,3,28,6,21.4,1.11,0.24,0.11,0.5,11.1,0,0,0,2.8,2.8,0.1,0.2,0.2,Matches,d4438745
136,Antonio Carlos,br BRA,DF,Orlando City,28,1993,18.1,0,14,3,21.4,0.78,0.17,0,0,14.4,0,0,0,0.7,0.7,0.05,-0.7,-0.7,Matches,949fe1e8
137,Wikelman Carmona,ve VEN,MFFW,NY Red Bulls,18,2003,0.5,0,0,0,,0,0,,,,0,0,0,0,0,,0,0,Matches,cab97dd2
138,Julián Carranza,ar ARG,FW,Philadelphia,21,2000,24.6,14,87,32,36.8,3.54,1.3,0.14,0.38,16,2,2,3,14.1,11.8,0.14,-0.1,0.2,Matches,3e9ae1db
139,Adalberto Carrasquilla,pa PAN,MF,Houston Dynamo,23,1998,26.6,2,29,6,20.7,1.09,0.23,0.07,0.33,24.2,0,0,0,2.2,2.2,0.08,-0.2,-0.2,Matches,f087912d
140,Wilder Cartagena,pe PER,MF,Orlando City,27,1994,3.7,0,6,1,16.7,1.63,0.27,0,0,24.8,0,0,0,0.2,0.2,0.03,-0.2,-0.2,Matches,9f0f5d15
141,Javier Casas,us USA,MF,Chicago Fire,18,2003,0.4,0,0,0,,0,0,,,,0,0,0,0,0,,0,0,Matches,2ed8d81b
142,Julio Cascante,cr CRC,DF,Austin,28,1993,30.2,3,29,8,27.6,0.96,0.27,0.1,0.38,11.5,0,0,0,3.8,3.8,0.13,-0.8,-0.8,Matches,cc120b4f
143,Cristian Cásseres Jr.,ve VEN,MF,NY Red Bulls,22,2000,24.4,2,43,13,30.2,1.76,0.53,0.05,0.15,22.7,3,0,0,3.2,3.2,0.08,-1.2,-1.2,Matches,f86fe8c1
144,Valentín Castellanos,ar ARG,FW,NYCFC,23,1998,16.2,13,75,25,33.3,4.63,1.54,0.11,0.32,16.8,2,5,6,13.1,9.4,0.13,-0.1,-1.4,Matches,da76bab4
145,Lucas Cavallini,ca CAN,FW,Vancouver,29,1992,16.8,9,51,17,33.3,3.03,1.01,0.14,0.41,14.4,1,2,2,7.1,5.6,0.11,1.9,1.4,Matches,dd8de641
146,Roman Celentano,us USA,GK,FC Cincinnati,21,2000,27,0,0,0,,0,0,,,,0,0,0,0,0,,0,0,Matches,42ba8628
147,Darwin Cerén,sv SLV,MF,Houston Dynamo,32,1989,12.5,0,9,2,22.2,0.72,0.16,0,0,24.3,0,0,0,0.4,0.4,0.04,-0.4,-0.4,Matches,a58de3f0
148,Edwin Cerrillo,us USA,MF,FC Dallas,21,2000,21,0,7,1,14.3,0.33,0.05,0,0,23.3,0,0,0,0.2,0.2,0.03,-0.2,-0.2,Matches,bd060315
149,Maikel Chang,cu CUB,MFFW,Real Salt Lake,30,1991,20.4,2,27,8,29.6,1.32,0.39,0.07,0.25,15.3,0,0,0,2.5,2.5,0.09,-0.5,-0.5,Matches,04cc9edd
150,Maxime Chanot,lu LUX,DF,NYCFC,32,1989,16,1,11,2,18.2,0.69,0.12,0.09,0.5,16.3,0,0,0,0.7,0.7,0.06,0.3,0.3,Matches,ca366055
151,Diego Chará,co COL,MF,Portland Timbers,35,1986,27.1,0,4,0,0,0.15,0,0,,20.1,0,0,0,0.4,0.4,0.1,-0.4,-0.4,Matches,6260cc9d
152,Yimmi Chará,co COL,MFFW,Portland Timbers,30,1991,30.7,4,46,15,32.6,1.5,0.49,0.09,0.27,16.4,0,0,0,5,5,0.11,-1,-1,Matches,9df9baab
153,Giorgio Chiellini,it ITA,DF,Los Angeles FC,37,1984,7.9,0,3,0,0,0.38,0,0,,17.9,0,0,0,0.1,0.1,0.04,-0.1,-0.1,Matches,e85fb9b8
154,Mathieu Choiniere,ca CAN,DFMF,CF Montréal,22,1999,15.3,2,15,2,13.3,0.98,0.13,0.13,1,19.7,0,0,0,1.1,1.1,0.08,0.9,0.9,Matches,017459bb
155,Léo Chú,br BRA,FWMF,Seattle,21,2000,9.1,0,18,1,5.6,1.98,0.11,0,0,19.5,0,0,0,2,2,0.11,-2,-2,Matches,d88ebbe9
156,Kadin Chung,ca CAN,DF,Toronto FC,23,1998,5,0,1,0,0,0.2,0,0,,21.5,0,0,0,0,0,0.04,0,0,Matches,d616ce40
157,José Cifuentes,ec ECU,MF,Los Angeles FC,22,1999,26.1,7,56,22,39.3,2.15,0.84,0.13,0.32,17.8,1,0,0,5.6,5.6,0.1,1.4,1.4,Matches,8c8c07a7
158,Ronaldo Cisneros,mx MEX,FW,Atlanta Utd,25,1997,19.2,7,48,18,37.5,2.5,0.94,0.15,0.39,12.9,0,0,0,8.4,8.4,0.18,-1.4,-1.4,Matches,e526c193
159,Abdoulaye Cissoko,fr FRA,DF,Seattle,22,1999,4.5,0,1,1,100,0.22,0.22,0,0,10.3,0,0,0,0,0,0.03,0,0,Matches,52a6ef30
160,Caden Clark,us USA,FWMF,NY Red Bulls,18,2003,5.4,1,7,2,28.6,1.3,0.37,0.14,0.5,17,0,0,0,0.8,0.8,0.11,0.2,0.2,Matches,6e327d0d
161,Steve Clark,us USA,GK,Houston Dynamo,35,1986,32.3,0,0,0,,0,0,,,,0,0,0,0,0,,0,0,Matches,ed6320b7
162,Stefan Cleveland,us USA,GK,Seattle,27,1994,7,0,0,0,,0,0,,,,0,0,0,0,0,,0,0,Matches,873fdbdf
163,Jackson Conway,us USA,FWMF,Atlanta Utd,20,2001,0.4,0,3,0,0,7.5,0,0,,12.8,0,0,0,0.4,0.4,0.13,-0.4,-0.4,Matches,1cfa6e1a
164,Gabriele Corbo,it ITA,DF,CF Montréal,22,2000,12.6,0,4,0,0,0.32,0,0,,15.5,0,0,0,0.3,0.3,0.08,-0.3,-0.3,Matches,091795f2
165,Sergio Córdova,ve VEN,FWMF,Real Salt Lake,24,1997,25.3,9,59,30,50.8,2.34,1.19,0.15,0.3,12.8,0,0,0,10.3,10.3,0.18,-1.3,-1.3,Matches,229cd98a
166,Carlos Coronel,br BRA,GK,NY Red Bulls,25,1996,33,0,0,0,,0,0,,,,0,0,0,0,0,,0,0,Matches,5c07e176
167,Washington Corozo,ec ECU,MFFW,Austin,23,1998,0.6,0,2,1,50,3.53,1.76,0,0,15.3,0,0,0,0.2,0.2,0.09,-0.2,-0.2,Matches,1391217a
168,Guzmán Corujo,uy URU,DF,Charlotte,25,1996,22.9,1,13,4,30.8,0.57,0.17,0.08,0.25,15,0,0,0,1.2,1.2,0.09,-0.2,-0.2,Matches,5c6051ad
169,Douglas Costa,br BRA,MFFW,LA Galaxy,31,1990,15.6,4,44,15,34.1,2.81,0.96,0.07,0.2,26.3,13,1,1,3,2.2,0.05,1,0.8,Matches,4fa7cb9b
170,Séga Coulibaly,fr FRA,DF,LA Galaxy,25,1996,23.9,1,9,2,22.2,0.38,0.08,0.11,0.5,8.6,0,0,0,1.6,1.5,0.17,-0.6,-0.5,Matches,dab9537e
171,Cade Cowell,us USA,FWMF,San Jose,18,2003,17.3,3,43,14,32.6,2.49,0.81,0.07,0.21,19.4,0,0,0,3.3,3.3,0.08,-0.3,-0.3,Matches,f8e95f87
172,Brandan Craig,us USA,MF,Philadelphia,17,2004,0,0,0,0,,0,0,,,,0,0,0,0,0,,0,0,Matches,4d0f7cb3
173,Maxime Crépeau,ca CAN,GK,Los Angeles FC,27,1994,33,0,0,0,,0,0,,,,0,0,0,0,0,,0,0,Matches,ea42e480
174,Domenico Criscito,it ITA,DF,Toronto FC,35,1986,13.2,1,17,4,23.5,1.29,0.3,0.06,0.25,23,0,0,0,0.6,0.6,0.04,0.4,0.4,Matches,35dd6d80
175,Daniel Crisostomo,us USA,MF,Los Angeles FC,25,1997,0.3,0,0,0,,0,0,,,,0,0,0,0,0,,0,0,Matches,33fdd2aa
176,Cody Cropper,us USA,GK,Vancouver,28,1993,13.7,0,0,0,,0,0,,,,0,0,0,0,0,,0,0,Matches,aa133046
177,Allan Cruz,cr CRC,MF,FC Cincinnati,25,1996,4.5,0,8,4,50,1.79,0.89,0,0,19.7,0,0,0,0.7,0.7,0.09,-0.7,-0.7,Matches,030105a5
178,Andrés Cubas,py PAR,MF,Vancouver,25,1996,15,1,11,3,27.3,0.73,0.2,0.09,0.33,27.5,0,0,0,0.3,0.3,0.03,0.7,0.7,Matches,9b40a6ea
179,Cucho,co COL,FW,Columbus Crew,22,1999,14.4,9,88,30,34.1,6.1,2.08,0.1,0.3,19,2,0,0,6.7,6.7,0.08,2.3,2.3,Matches,71b47ab9
180,Rafael Czichos,de GER,DF,Chicago Fire,31,1990,25.9,3,19,5,26.3,0.73,0.19,0.16,0.6,9.4,0,0,0,2.7,2.7,0.14,0.3,0.3,Matches,b0a0698b
181,Cristián Dajome,co COL,DFMF,Vancouver,28,1994,20,2,37,11,29.7,1.85,0.55,0.05,0.18,20.6,2,0,1,3.1,2.3,0.06,-1.1,-0.3,Matches,a065e877
182,Jesús Daniel Bueno,ve VEN,MF,Philadelphia,22,1999,0.1,0,0,0,,0,0,,,,0,0,0,0,0,,0,0,Matches,b5687b08
183,Abu Danladi,gh GHA,FWMF,Minnesota Utd,26,1995,7,2,10,4,40,1.42,0.57,0.2,0.5,16.6,0,0,0,1.2,1.2,0.12,0.8,0.8,Matches,507383d1
184,Bode Davis,us USA,MFFW,Real Salt Lake,19,2002,1,1,2,1,50,1.98,0.99,0.5,1,13.9,0,0,0,0.2,0.2,0.08,0.8,0.8,Matches,891f8b82
185,Jake Davis,us USA,MFFW,Sporting KC,20,2002,0.2,0,0,0,,0,0,,,,0,0,0,0,0,,0,0,Matches,79d3a503
186,Sean Davis,us USA,MF,Nashville,28,1993,31.5,1,14,3,21.4,0.44,0.1,0.07,0.33,17.2,0,0,0,0.9,0.9,0.07,0.1,0.1,Matches,cb75cac9
187,Miloš Degenek,au AUS,DF,Columbus Crew,27,1994,24.8,0,11,1,9.1,0.44,0.04,0,0,12.4,0,0,0,0.8,0.8,0.07,-0.8,-0.8,Matches,c8e65157
188,Alex DeJohn,us USA,DF,Atlanta Utd,30,1991,4.6,0,8,1,12.5,1.73,0.22,0,0,10.2,0,0,0,0.8,0.8,0.1,-0.8,-0.8,Matches,2a6c024c
189,A.J. DeLaGarza,gu GUM,DFMF,New England,34,1987,3.2,0,0,0,,0,0,,,,0,0,0,0,0,,0,0,Matches,171b3c37
190,Marky Delgado,us USA,MF,LA Galaxy,26,1995,27.9,2,10,2,20,0.36,0.07,0.1,0.5,29.3,0,1,1,1.5,0.7,0.07,0.5,0.3,Matches,7f6a25b7
191,Nick DePuy,us USA,DF,LA Galaxy,27,1994,14.4,0,9,0,0,0.63,0,0,,9.2,0,0,0,0.8,0.7,0.08,-0.8,-0.7,Matches,ba7b4e67
192,Silvester van der Water,nl NED,FW,Orlando City,25,1996,0.5,0,1,1,100,2.2,2.2,0,0,25.1,0,0,0,0,0,0.03,0,0,Matches,5d83500d
193,Joey DeZart,us USA,DF,Orlando City,23,1998,0,0,0,0,,0,0,,,,0,0,0,0,0,,0,0,Matches,9d7142a6
194,Luis Díaz,cr CRC,FW,Columbus Crew,23,1998,17,3,18,7,38.9,1.06,0.41,0.17,0.43,14,0,0,0,1.8,1.8,0.1,1.2,1.2,Matches,1c9838aa
195,Bakaye Dibassy,ml MLI,DF,Minnesota Utd,32,1989,25.1,1,8,2,25,0.32,0.08,0.13,0.5,12.2,0,0,0,0.9,0.9,0.11,0.1,0.1,Matches,247accfd
196,Clément Diop,sn SEN,GK,Inter Miami,28,1993,3,0,0,0,,0,0,,,,0,0,0,0,0,,0,0,Matches,0d5c0218
197,Sofiane Djeffal,fr FRA,MF,D.C. United,22,1999,18.7,0,13,1,7.7,0.69,0.05,0,0,26.3,1,0,0,0.5,0.5,0.04,-0.5,-0.5,Matches,29d85f83
198,Moussa Djitte,sn SEN,FW,Austin,22,1999,5.1,4,15,7,46.7,2.92,1.36,0.27,0.57,11.7,0,0,0,2.6,2.6,0.17,1.4,1.4,Matches,627b570a
199,Ethan Dobbelaere,us USA,DFMF,Seattle,19,2002,3,0,2,1,50,0.66,0.33,0,0,17.6,0,0,0,0.1,0.1,0.06,-0.1,-0.1,Matches,1e772b7c
200,Cecilio Domínguez,py PAR,FWMF,Austin,27,1994,3.1,2,9,3,33.3,2.89,0.96,0.22,0.67,15.8,0,0,0,1.1,1.1,0.12,0.9,0.9,Matches,3162d667
201,Christopher Donovan,us USA,FW,Philadelphia,21,2000,1.2,0,1,1,100,0.83,0.83,0,0,8.4,0,0,0,0.1,0.1,0.14,-0.1,-0.1,Matches,8f995d10
202,Griffin Dorsey,us USA,DF,Houston Dynamo,22,1999,18.3,1,10,3,30,0.55,0.16,0.1,0.33,17.7,0,0,0,0.7,0.7,0.07,0.3,0.3,Matches,c182ca04
203,Hassani Dotson,us USA,DFMF,Minnesota Utd,24,1997,7,1,3,1,33.3,0.43,0.14,0.33,1,12.8,0,0,0,1,1,0.34,0,0,Matches,8f2af1ed
204,Sebastián Driussi,ar ARG,MF,Austin,25,1996,32,22,93,35,37.6,2.91,1.1,0.19,0.51,17.3,4,4,4,16,13,0.14,6,5,Matches,60e86875
205,Bryce Duke,us USA,MFFW,Inter Miami,20,2001,16.4,1,15,4,26.7,0.91,0.24,0.07,0.25,18.7,0,0,0,2.3,2.3,0.16,-1.3,-1.3,Matches,59557625
206,Cameron Duke,us USA,MFFW,Sporting KC,20,2001,13.6,0,12,2,16.7,0.88,0.15,0,0,15.7,0,0,0,1.7,1.7,0.14,-1.7,-1.7,Matches,c679d9fd
207,Kyle Duncan,us USA,DFMF,NY Red Bulls,24,1997,6.6,0,4,0,0,0.61,0,0,,27.1,0,0,0,0.1,0.1,0.04,-0.1,-0.1,Matches,575e6cb1
208,Jhon Durán,co COL,FW,Chicago Fire,18,2003,15.2,8,60,24,40,3.95,1.58,0.13,0.33,16,0,0,0,8,8,0.13,0,0,Matches,414184f7
209,Chris Durkin,us USA,MF,D.C. United,21,2000,24.9,1,15,4,26.7,0.6,0.16,0.07,0.25,20,0,0,0,1.1,1.1,0.07,-0.1,-0.1,Matches,0ffd4373
210,Dom Dwyer,us USA,FW,Atlanta Utd,31,1990,6.9,4,21,6,28.6,3.06,0.88,0.19,0.67,12.2,0,0,0,3.9,3.9,0.18,0.1,0.1,Matches,bdfc15f8
211,Jeremy Ebobisse,us USA,FW,San Jose,24,1997,32.7,17,101,42,41.6,3.09,1.28,0.15,0.36,16.7,4,2,2,15.2,13.6,0.13,1.8,1.4,Matches,5fa7b2ec
212,Daniel Edelman,us USA,MF,NY Red Bulls,18,2003,11,1,6,1,16.7,0.54,0.09,0.17,1,23.1,0,0,0,0.5,0.5,0.09,0.5,0.5,Matches,a8de0bd5
213,Javier Eduardo López,mx MEX,MFFW,San Jose,27,1994,2.6,1,3,1,33.3,1.15,0.38,0.33,1,16.5,0,0,0,0.3,0.3,0.1,0.7,0.7,Matches,f851b52f
214,Earl Edwards Jr.,us USA,GK,New England,30,1992,4,0,0,0,,0,0,,,,0,0,0,0,0,,0,0,Matches,10f6f942
215,Raheem Edwards,ca CAN,DF,LA Galaxy,26,1995,25.3,1,17,3,17.6,0.67,0.12,0.06,0.33,19.3,1,0,0,1.3,1.3,0.08,-0.3,-0.3,Matches,b828d56a
216,Tom Edwards,eng ENG,DF,NY Red Bulls,23,1999,18.4,0,13,2,15.4,0.71,0.11,0,0,31.3,7,0,0,0.5,0.5,0.03,-0.5,-0.5,Matches,1b780599
217,Jack Elliott,eng ENG,DF,Philadelphia,26,1995,31.8,2,24,6,25,0.76,0.19,0.08,0.33,12.4,2,0,0,3.1,3.1,0.13,-1.1,-1.1,Matches,041deebd
218,Kalil ElMedkhar,us USA,FWMF,FC Dallas,22,1999,1.1,0,2,0,0,1.76,0,0,,28.6,0,0,0,0,0,0.02,0,0,Matches,272c1aaf
219,Franco Escobar,ar ARG,DF,Los Angeles FC,26,1995,12.8,1,5,2,40,0.39,0.16,0.2,0.5,14.1,0,0,0,0.5,0.5,0.1,0.5,0.5,Matches,54f33d0e
220,Cristian Espinoza,ar ARG,FWMF,San Jose,26,1995,31.6,7,68,20,29.4,2.15,0.63,0.03,0.1,22.4,3,5,5,7.7,3.8,0.06,-0.7,-1.8,Matches,9c794a80
221,Jhon Espinoza,ec ECU,DFFW,Chicago Fire,22,1999,5.5,0,4,0,0,0.73,0,0,,13,0,0,0,0.6,0.6,0.14,-0.6,-0.6,Matches,79666d5a
222,Roger Espinoza,hn HON,MF,Sporting KC,35,1986,20.8,2,34,13,38.2,1.64,0.63,0.06,0.15,20.3,0,0,0,2.3,2.3,0.07,-0.3,-0.3,Matches,60b7c195
223,Lucas Esteves,br BRA,DFMF,Colorado Rapids,21,2000,25.2,1,28,7,25,1.11,0.28,0.04,0.14,20.5,1,0,0,1.7,1.7,0.06,-0.7,-0.7,Matches,c6ec0258
224,Michael Estrada,ec ECU,FW,D.C. United,25,1996,9.6,4,14,4,28.6,1.46,0.42,0.21,0.75,18.7,0,1,1,3.3,2.5,0.18,0.7,0.5,Matches,773f5f12
225,Derrick Etienne,ht HAI,FWDF,Columbus Crew,25,1996,24.6,9,49,21,42.9,1.99,0.85,0.18,0.43,14.5,0,0,0,7.2,7.2,0.16,1.8,1.8,Matches,59059f1e
226,Diego Fagúndez,uy URU,FW,Austin,26,1995,30,6,37,12,32.4,1.23,0.4,0.16,0.5,18.7,8,0,0,3.8,3.8,0.1,2.2,2.2,Matches,fe81682e
227,Mamadou Fall,sn SEN,DF,Los Angeles FC,19,2002,13.3,1,13,3,23.1,0.97,0.23,0.08,0.33,11.8,0,0,0,1.9,1.9,0.15,-0.9,-0.9,Matches,805a2a11
228,Marco Farfan,us USA,DF,FC Dallas,23,1998,30.3,1,8,5,62.5,0.26,0.17,0.13,0.2,20.7,0,0,0,0.5,0.5,0.06,0.5,0.5,Matches,cfc68595
229,Andrew Farrell,us USA,DF,New England,29,1992,30.9,0,4,0,0,0.13,0,0,,16.2,0,0,0,0.4,0.4,0.11,-0.4,-0.4,Matches,71eda165
230,Mohamed Farsi,ca CAN,DFFW,Columbus Crew,22,1999,0.9,0,0,0,,0,0,,,,0,0,0,0,0,,0,0,Matches,81039302
231,Felipe,br BRA,MFFW,Austin,31,1990,8.2,1,10,4,40,1.22,0.49,0.1,0.25,13.1,1,0,0,1.7,1.7,0.17,-0.7,-0.7,Matches,2415bd0a
232,Omir Fernandez,us USA,MFFW,NY Red Bulls,22,1999,16,2,24,7,29.2,1.5,0.44,0.08,0.29,16.5,0,0,0,2.1,2.1,0.09,-0.1,-0.1,Matches,622986f0
233,Jesús Ferreira,us USA,FWMF,FC Dallas,21,2000,29.5,18,82,43,52.4,2.78,1.46,0.22,0.42,17,4,0,0,11.6,11.6,0.14,6.4,6.4,Matches,f61246d8
234,Sebastián Ferreira,py PAR,FW,Houston Dynamo,23,1998,25.8,13,65,23,35.4,2.52,0.89,0.17,0.48,16.7,0,2,3,11,8.6,0.13,2,2.4,Matches,5439dba0
235,Stuart Findlay,sct SCO,DF,Philadelphia,26,1995,4,0,3,1,33.3,0.75,0.25,0,0,17,0,0,0,0.2,0.2,0.05,-0.2,-0.2,Matches,edffe99a
236,Ethan Finlay,us USA,FW,Austin,31,1990,20.3,5,23,8,34.8,1.14,0.39,0.22,0.63,12,0,0,0,4.5,4.5,0.19,0.5,0.5,Matches,c16a59af
237,Oniel Fisher,jm JAM,DF,Minnesota Utd,30,1991,7,0,1,0,0,0.14,0,0,,18,0,0,0,0,0,0.04,0,0,Matches,ed5fdca6
238,Leon Flach,us USA,MF,Philadelphia,20,2001,30.5,0,11,4,36.4,0.36,0.13,0,0,20.9,0,0,0,0.7,0.7,0.06,-0.7,-0.7,Matches,39859fa1
239,Ashley Fletcher,eng ENG,FW,NY Red Bulls,26,1995,2.8,0,10,3,30,3.61,1.08,0,0,14.2,0,0,0,0.7,0.7,0.07,-0.7,-0.7,Matches,eeb6551f
240,Kristian Fletcher,us USA,FW,D.C. United,16,2005,0.7,1,1,1,100,1.45,1.45,1,1,19,0,0,0,0,0,0.04,1,1,Matches,67d3d023
241,Edison Flores,pe PER,MF,D.C. United,27,1994,9.2,1,15,2,13.3,1.63,0.22,0.07,0.5,17.2,1,0,0,1.9,1.9,0.13,-0.9,-0.9,Matches,ef2c82f8
242,George Fochive,us USA,MF,Portland Timbers,29,1992,0.3,0,0,0,,0,0,,,,0,0,0,0,0,,0,0,Matches,f99000bb
243,Nathan Fogaça,br BRA,FW,Portland Timbers,22,1999,4.5,2,18,7,38.9,3.96,1.54,0.11,0.29,13.7,0,0,0,2.1,2.1,0.12,-0.1,-0.1,Matches,aad135a3
244,Andreu Fontàs,es ESP,DF,Sporting KC,32,1989,27.1,2,13,2,15.4,0.48,0.07,0.15,1,12.8,0,0,0,1.6,1.6,0.12,0.4,0.4,Matches,0f138d5a
245,Kortne Ford,us USA,DF,Sporting KC,26,1996,9,0,2,0,0,0.22,0,0,,9.7,0,0,0,0.1,0.1,0.06,-0.1,-0.1,Matches,552a7707
246,Taxiarchis Fountas,gr GRE,MFFW,D.C. United,26,1995,16.3,12,79,33,41.8,4.85,2.02,0.15,0.36,19.4,1,0,1,8,7.2,0.09,4,4.8,Matches,2ce71308
247,Franco Fragapane,ar ARG,FW,Minnesota Utd,28,1993,22.4,7,34,14,41.2,1.52,0.62,0.21,0.5,13.2,0,0,0,6.1,6.1,0.18,0.9,0.9,Matches,09538c47
248,Alan Franco,ar ARG,DF,Atlanta Utd,25,1996,30.2,1,12,5,41.7,0.4,0.17,0.08,0.2,10.3,0,0,0,1,1,0.09,0,0,Matches,a548281c
249,Alan Franco,ec ECU,MF,Charlotte,23,1998,8.7,0,8,1,12.5,0.92,0.12,0,0,14.2,0,0,0,0.8,0.8,0.1,-0.8,-0.8,Matches,c76b161b
250,Kobe Franklin,ca CAN,DF,Toronto FC,18,2003,0.2,0,0,0,,0,0,,,,0,0,0,0,0,,0,0,Matches,407325c4
251,Stefan Frei,ch SUI,GK,Seattle,35,1986,27,0,0,0,,0,0,,,,0,0,0,0,0,,0,0,Matches,1d0a0f3e
252,Christian Fuchs,at AUT,DF,Charlotte,35,1986,21.6,3,15,3,20,0.69,0.14,0,0,21,0,3,3,3.2,0.9,0.06,-0.2,-0.9,Matches,a67a09fb
253,Ruben Gabrielsen,no NOR,DF,Austin,29,1992,30.4,2,9,4,44.4,0.3,0.13,0.22,0.5,11.7,0,0,0,1.1,1.1,0.12,0.9,0.9,Matches,9e64fc85
254,Ray Gaddis,us USA,DF,FC Cincinnati,32,1990,12.6,0,3,0,0,0.24,0,0,,23.7,0,0,0,0.1,0.1,0.04,-0.1,-0.1,Matches,8348b24d
255,McKinze Gaines,us USA,MFFW,Charlotte,23,1998,11.9,1,15,8,53.3,1.26,0.67,0.07,0.13,13,0,0,0,1.8,1.8,0.12,-0.8,-0.8,Matches,8ef72983
256,Jon Gallagher,ie IRL,DF,Austin,25,1996,23.6,1,10,2,20,0.42,0.08,0.1,0.5,24.1,0,0,0,0.4,0.4,0.04,0.6,0.6,Matches,9d5afdfb
257,Pedro Gallese,pe PER,GK,Orlando City,31,1990,32,0,0,0,,0,0,,,,0,0,0,0,0,,0,0,Matches,b76e1394
258,Christopher Garcia,us USA,MFFW,Real Salt Lake,19,2003,0,0,0,0,,0,0,,,,0,0,0,0,0,,0,0,Matches,f6390a6b
259,Mender García,co COL,FW,Minnesota Utd,23,1998,5.9,1,8,3,37.5,1.35,0.51,0.13,0.33,8.6,0,0,0,1.5,1.5,0.19,-0.5,-0.5,Matches,2375dd75
260,Chase Gasper,us USA,DF,LA Galaxy,26,1996,9.3,0,2,0,0,0.21,0,0,,17.1,0,0,0,0.1,0.1,0.04,-0.1,-0.1,Matches,7371ec36
261,Ryan Gauld,sct SCO,MFFW,Vancouver,26,1995,24.9,8,73,22,30.1,2.94,0.89,0.08,0.27,19.7,4,2,2,7.6,6.1,0.08,0.4,-0.1,Matches,862e93c2
262,Dániel Gazdag,hu HUN,MF,Philadelphia,25,1996,32.5,22,54,33,61.1,1.66,1.01,0.28,0.45,15.9,2,7,7,16.2,10.7,0.2,5.8,4.3,Matches,527d0e31
263,Kieran Gibbs,eng ENG,DF,Inter Miami,32,1989,7.1,0,5,4,80,0.71,0.57,0,0,12.5,0,0,0,0.9,0.9,0.19,-0.9,-0.9,Matches,46ee5234
264,Carles Gil,es ESP,MF,New England,29,1992,32.3,7,65,21,32.3,2.01,0.65,0.05,0.14,23.3,8,4,4,8.7,5.5,0.08,-1.7,-2.5,Matches,11c30a46
265,Nacho Gil,es ESP,FWMF,New England,26,1995,2.2,0,1,0,0,0.45,0,0,,17.7,0,0,0,0.1,0.1,0.08,-0.1,-0.1,Matches,87ec1a2a
266,Gastón Giménez,py PAR,MF,Chicago Fire,30,1991,18.8,0,29,11,37.9,1.54,0.58,0,0,25.4,1,0,0,1.2,1.2,0.04,-1.2,-1.2,Matches,ab66cc31
267,Francisco Ginella,uy URU,MF,Los Angeles FC,23,1999,4.9,0,5,0,0,1.01,0,0,,25.4,0,0,0,0.2,0.2,0.04,-0.2,-0.2,Matches,5a28a782
268,Nicholas Gioacchini,us USA,FWMF,Orlando City,21,2000,1.5,0,3,0,0,1.96,0,0,,15.3,0,0,0,0.3,0.3,0.09,-0.3,-0.3,Matches,79ab7593
269,Justen Glad,us USA,DF,Real Salt Lake,24,1997,25.6,3,18,8,44.4,0.7,0.31,0.17,0.38,10.1,0,0,0,3.1,3.1,0.17,-0.1,-0.1,Matches,5b768b0f
270,Jakob Glesnes,no NOR,DF,Philadelphia,27,1994,34,0,20,3,15,0.59,0.09,0,0,19.9,3,0,0,0.7,0.7,0.03,-0.7,-0.7,Matches,ac65aef3
271,Chris Gloster,us USA,DF,NYCFC,21,2000,5.3,1,4,2,50,0.75,0.37,0.25,0.5,17.6,0,0,0,0.2,0.2,0.06,0.8,0.8,Matches,01cd3c12
272,Marcus Godinho,ca CAN,DF,Vancouver,24,1997,11.3,0,6,3,50,0.53,0.26,0,0,16.9,0,0,0,0.3,0.3,0.05,-0.3,-0.3,Matches,27854bf6
273,Aníbal Godoy,pa PAN,MF,Nashville,31,1990,10.5,1,4,1,25,0.38,0.1,0.25,1,11.4,0,0,0,0.8,0.8,0.2,0.2,0.2,Matches,2d496ca3
274,Erik Godoy,ar ARG,DF,Vancouver,28,1993,5,1,2,1,50,0.4,0.2,0.5,1,8.1,0,0,0,0.2,0.2,0.11,0.8,0.8,Matches,e8b80334
275,Eulânio Ângelo Chipela Gomes,gw GNB,DF,FC Dallas,27,1994,13.2,0,9,1,11.1,0.68,0.08,0,0,20.9,0,0,0,0.5,0.5,0.06,-0.5,-0.5,Matches,d9b9b71a
276,Yeimar Gómez Andrade,co COL,DF,Seattle,29,1992,25.7,1,17,3,17.6,0.66,0.12,0.06,0.33,12.4,0,0,0,1.4,1.4,0.09,-0.4,-0.4,Matches,e43c8d72
277,Jonathan González,mx MEX,MFFW,Minnesota Utd,22,1999,2.2,1,3,1,33.3,1.38,0.46,0.33,1,16.6,0,0,0,0.4,0.4,0.13,0.6,0.6,Matches,a8785279
278,Omar Gonzalez,us USA,DF,New England,33,1988,8.5,0,6,2,33.3,0.71,0.24,0,0,9.9,0,0,0,0.5,0.5,0.08,-0.5,-0.5,Matches,0d2fe665
279,Samuel Grandsir,fr FRA,FWMF,LA Galaxy,25,1996,17.9,3,36,19,52.8,2.01,1.06,0.08,0.16,16,0,0,0,3.5,3.5,0.1,-0.5,-0.5,Matches,d2448564
280,Tayvon Gray,us USA,DF,NYCFC,19,2002,20.9,0,10,3,30,0.48,0.14,0,0,17.5,0,0,0,0.6,0.6,0.06,-0.6,-0.6,Matches,c839e1b2
281,Gregore,br BRA,MF,Inter Miami,27,1994,30,0,17,5,29.4,0.57,0.17,0,0,21.1,0,0,0,1,1,0.06,-1,-1,Matches,49815f34
282,Ján Greguš,sk SVK,MF,San Jose,31,1991,18.7,0,21,9,42.9,1.13,0.48,0,0,26.5,2,0,0,0.9,0.9,0.04,-0.9,-0.9,Matches,7d974435
283,Julian Gressel,us USA,DF,D.C. United,28,1993,15.3,0,16,4,25,1.04,0.26,0,0,17,2,0,0,2.1,2.1,0.13,-2.1,-2.1,Matches,acd47bc0
284,Julian Gressel,us USA,MFDF,Vancouver,28,1993,10.8,2,17,6,35.3,1.57,0.56,0.12,0.33,18.7,0,0,0,1.3,1.3,0.08,0.7,0.7,Matches,acd47bc0
285,Raúl Gudiño,mx MEX,GK,Atlanta Utd,25,1996,5.5,0,1,0,0,0.18,0,0,,13.3,0,0,0,0,0,0.03,0,0,Matches,2f061b36
286,Sami Guediri,us USA,DF,D.C. United,24,1997,8.9,0,3,0,0,0.34,0,0,,25.8,0,0,0,0.1,0.1,0.04,-0.1,-0.1,Matches,e3dc71a7
287,Brian Gutiérrez,us USA,FWMF,Chicago Fire,18,2003,18.2,2,27,8,29.6,1.48,0.44,0.07,0.25,17.7,0,0,0,2.9,2.9,0.11,-0.9,-0.9,Matches,d88f31db
288,Cristián Gutiérrez,cl CHI,DF,Vancouver,24,1997,6.8,0,3,0,0,0.44,0,0,,14.3,0,0,0,0.2,0.2,0.06,-0.2,-0.2,Matches,6e56a4f2
289,Diego Gutierrez,us USA,FW,Portland Timbers,22,1999,0,0,0,0,,0,0,,,,0,0,0,0,0,,0,0,Matches,4903a306
290,Felipe Gutiérrez,cl CHI,MF,Colorado Rapids,31,1990,9.3,0,10,3,30,1.07,0.32,0,0,22.6,0,0,0,0.8,0.8,0.08,-0.8,-0.8,Matches,80ae314a
291,Andrew Gutman,us USA,DF,Atlanta Utd,25,1996,21.8,4,31,14,45.2,1.42,0.64,0.13,0.29,14.7,0,0,0,4.4,4.4,0.14,-0.4,-0.4,Matches,b7a23251
292,Brad Guzan,us USA,GK,Atlanta Utd,37,1984,6.8,0,0,0,,0,0,,,,0,0,0,0,0,,0,0,Matches,d899e3bf
293,Justin Haak,us USA,MFDF,NYCFC,20,2001,8.5,0,1,0,0,0.12,0,0,,52,0,0,0,0,0,0.01,0,0,Matches,c644e140
294,Luke Haakenson,us USA,MFFW,Nashville,24,1997,6.6,0,10,2,20,1.51,0.3,0,0,18.1,0,0,0,1,1,0.1,-1,-1,Matches,77d28e45
295,Teenage Hadebe,zw ZIM,DF,Houston Dynamo,26,1995,20.1,2,17,2,11.8,0.85,0.1,0.12,1,10.7,0,0,0,1.6,1.6,0.1,0.4,0.4,Matches,582952f2
296,Nick Hagglund,us USA,DF,FC Cincinnati,29,1992,30.2,1,16,7,43.8,0.53,0.23,0.06,0.14,9.6,0,0,0,1.6,1.6,0.1,-0.6,-0.6,Matches,39632554
297,Marlon Hairston,us USA,DF,Columbus Crew,27,1994,1.7,0,0,0,,0,0,,,,0,0,0,0,0,,0,0,Matches,1d531c57
298,Siad Haji,so SOM,DFFW,San Jose,22,1999,0.2,0,0,0,,0,0,,,,0,0,0,0,0,,0,0,Matches,9212f1cb
299,Michael Halliday,us USA,DFMF,Orlando City,19,2003,0.6,0,0,0,,0,0,,,,0,0,0,0,0,,0,0,Matches,6ad5f50e
300,Ahmed Hamdi,eg EGY,MF,CF Montréal,23,1998,3.7,0,3,0,0,0.81,0,0,,18.7,0,0,0,0.4,0.4,0.13,-0.4,-0.4,Matches,fc7c8d3d
301,Bill Hamid,us USA,GK,D.C. United,31,1990,9.5,0,0,0,,0,0,,,,0,0,0,0,0,,0,0,Matches,012fc030
302,Niko Hansen,dk DEN,FWMF,Minnesota Utd,27,1994,1.1,0,3,0,0,2.7,0,0,,11.5,0,0,0,0.1,0.1,0.05,-0.1,-0.1,Matches,9bebd450
303,Cameron Harper,us USA,DFFW,NY Red Bulls,20,2001,8.5,2,13,5,38.5,1.53,0.59,0.15,0.4,17.2,0,0,0,1.1,1.1,0.09,0.9,0.9,Matches,4a78c769
304,Nathan Harriel,us USA,DF,Philadelphia,20,2001,19.6,1,13,2,15.4,0.66,0.1,0.08,0.5,15.5,0,0,0,1.7,1.7,0.14,-0.7,-0.7,Matches,b3edbeff
305,Calvin Harris,eng ENG,DFFW,FC Cincinnati,21,2000,2,1,7,2,28.6,3.52,1.01,0.14,0.5,15.9,0,0,0,1.6,1.6,0.22,-0.6,-0.6,Matches,07b0aeef
306,Thomas Hasal,ca CAN,GK,Vancouver,22,1999,16.8,0,0,0,,0,0,,,,0,0,0,0,0,,0,0,Matches,86bac87b
307,Jacori Hayes,us USA,MF,Minnesota Utd,26,1995,0.8,0,1,0,0,1.2,0,0,,17,0,0,0,0.1,0.1,0.1,-0.1,-0.1,Matches,d2173b7b
308,Héber,br BRA,FW,NYCFC,30,1991,11.2,8,33,14,42.4,2.93,1.25,0.21,0.5,14.9,0,1,1,5.9,5.1,0.16,2.1,1.9,Matches,d552c4a1
309,Matt Hedges,us USA,DF,FC Dallas,31,1990,24.7,1,12,3,25,0.49,0.12,0.08,0.33,8.1,0,0,0,1.7,1.7,0.17,-0.7,-0.7,Matches,5e2a4d0e
310,Chris Hegardt,us USA,MFFW,Charlotte,20,2002,0.2,0,0,0,,0,0,,,,0,0,0,0,0,,0,0,Matches,99a6142d
311,Doneil Henry,ca CAN,DF,Toronto FC,28,1993,1.6,0,0,0,,0,0,,,,0,0,0,0,0,,0,0,Matches,22636117
312,Doneil Henry,ca CAN,DF,Los Angeles FC,28,1993,1.5,0,0,0,,0,0,,,,0,0,0,0,0,,0,0,Matches,22636117
313,Fabian Herbers,de GER,FWMF,Chicago Fire,28,1993,12,1,21,6,28.6,1.76,0.5,0.05,0.17,21.6,0,0,0,1.3,1.3,0.06,-0.3,-0.3,Matches,5cbf5ccd
314,Felipe Hernandez,us USA,MF,Sporting KC,23,1998,19.8,2,34,7,20.6,1.72,0.35,0.06,0.29,23.4,9,0,0,1.9,1.9,0.06,0.1,0.1,Matches,31a4d0b8
315,Javier Hernández,mx MEX,FW,LA Galaxy,33,1988,28.7,18,82,32,39,2.86,1.11,0.18,0.47,13.4,3,3,6,18.3,13.6,0.17,-0.3,1.4,Matches,189cee7b
316,Ronald Hernández,ve VEN,DF,Atlanta Utd,24,1997,8.5,0,3,2,66.7,0.35,0.24,0,0,19,0,0,0,0.1,0.1,0.03,-0.1,-0.1,Matches,de907bab
317,Aaron Herrera,us USA,DF,Real Salt Lake,24,1997,25.2,0,15,3,20,0.6,0.12,0,0,25.9,0,0,0,0.6,0.6,0.04,-0.6,-0.6,Matches,d86e3070
318,Héctor Herrera,mx MEX,MF,Houston Dynamo,31,1990,7.6,0,11,2,18.2,1.45,0.26,0,0,18.7,0,0,0,0.5,0.5,0.05,-0.5,-0.5,Matches,a8542814
319,Gonzalo Higuaín,ar ARG,FW,Inter Miami,34,1987,19.4,16,45,15,33.3,2.32,0.77,0.24,0.73,19.4,7,5,5,9.4,5.5,0.12,6.6,5.5,Matches,8a08491a
320,Brendan Hines-Ike,us USA,DF,D.C. United,27,1994,18.7,0,4,1,25,0.21,0.05,0,0,17,0,0,0,0.2,0.2,0.06,-0.2,-0.2,Matches,b807c1dc
321,Bongokuhle Hlongwane,za RSA,FW,Minnesota Utd,21,2000,17.8,2,44,17,38.6,2.48,0.96,0.05,0.12,17.2,0,0,0,5,5,0.11,-3,-3,Matches,de9952b5
322,Danny Hoesen,nl NED,FW,Austin,31,1991,4.2,3,14,6,42.9,3.3,1.41,0.21,0.5,12.3,0,0,0,2.3,2.3,0.16,0.7,0.7,Matches,5ef1939b
323,Ryan Hollingshead,us USA,DF,Los Angeles FC,30,1991,21.4,6,23,10,43.5,1.07,0.47,0.26,0.6,14.5,0,0,0,2.8,2.8,0.12,3.2,3.2,Matches,28b58797
324,Erik Holt,us USA,DF,Real Salt Lake,25,1996,6.3,0,6,1,16.7,0.96,0.16,0,0,10,0,0,0,0.6,0.6,0.1,-0.6,-0.6,Matches,3677d047
325,Jackson Hopkins,us USA,MFFW,D.C. United,17,2004,10,0,8,1,12.5,0.8,0.1,0,0,19.9,0,0,0,0.6,0.6,0.07,-0.6,-0.6,Matches,8344adf5
326,Adrien Hunou,fr FRA,FWMF,Minnesota Utd,28,1994,1.4,0,2,1,50,1.41,0.7,0,0,16.7,0,0,0,0.3,0.3,0.13,-0.3,-0.3,Matches,d14229f3
327,Erik Hurtado,us USA,FW,Columbus Crew,31,1990,4.7,3,12,6,50,2.55,1.28,0.25,0.5,14.6,0,0,0,1.3,1.3,0.11,1.7,1.7,Matches,b11e6f2b
328,Emerson Hyndman,us USA,MF,Atlanta Utd,25,1996,3.2,0,2,1,50,0.62,0.31,0,0,17.2,0,0,0,0.7,0.7,0.34,-0.7,-0.7,Matches,3be1a627
329,Franco Ibarra,ar ARG,MF,Atlanta Utd,20,2001,10.9,0,10,0,0,0.92,0,0,,19,0,0,0,0.6,0.6,0.06,-0.6,-0.6,Matches,db6540c5
330,Sebastien Ibeagha,us USA,DF,Los Angeles FC,30,1992,13.2,0,5,0,0,0.38,0,0,,10.6,0,0,0,0.3,0.3,0.06,-0.3,-0.3,Matches,41ba8175
331,Sunusi Ibrahim,ng NGA,MFFW,CF Montréal,19,2002,2.6,0,2,1,50,0.76,0.38,0,0,17,0,0,0,0.2,0.2,0.1,-0.2,-0.2,Matches,7.97E+10
332,James Igbekeme,ng NGA,FWMF,Columbus Crew,26,1995,10,0,14,2,14.3,1.4,0.2,0,0,18.2,0,0,0,1.5,1.5,0.1,-1.5,-1.5,Matches,c9ce0fc8
333,Tega Ikoba,us USA,FW,Portland Timbers,18,2003,0.3,0,1,0,0,3.91,0,0,,11,0,0,0,0.1,0.1,0.08,-0.1,-0.1,Matches,35d550f2
334,Arnór Ingvi Traustason,is ISL,FWMF,New England,28,1993,5.5,0,14,3,21.4,2.54,0.54,0,0,20.1,0,0,0,0.6,0.6,0.05,-0.6,-0.6,Matches,7d036b4a
335,Lorenzo Insigne,it ITA,FWMF,Toronto FC,30,1991,10.3,6,48,19,39.6,4.67,1.85,0.13,0.32,20.6,4,0,1,3.9,3.1,0.06,2.1,2.9,Matches,2f557579
336,Nicolas Isimat-Mirin,fr FRA,DF,Sporting KC,30,1991,25.3,0,7,2,28.6,0.28,0.08,0,0,7.8,0,0,0,0.6,0.6,0.08,-0.6,-0.6,Matches,14e8e9d7
337,Aljaž Ivačič,si SVN,GK,Portland Timbers,28,1993,32,0,0,0,,0,0,,,,0,0,0,0,0,,0,0,Matches,4d6e50d8
338,Stanislav Ivanov,bg BUL,FWMF,Chicago Fire,22,1999,9.8,1,13,4,30.8,1.33,0.41,0.08,0.25,17.8,0,0,0,0.9,0.9,0.07,0.1,0.1,Matches,0cafba94
339,Robin Jansson,se SWE,DF,Orlando City,30,1991,21.9,1,15,3,20,0.69,0.14,0.07,0.33,23,1,0,0,1,1,0.07,0,0,Matches,8ca5c176
340,Franco Jara,ar ARG,FW,FC Dallas,33,1988,10.1,3,37,10,27,3.68,0.99,0.05,0.2,14.8,0,1,1,5,4.2,0.11,-2,-2.2,Matches,413cce14
341,Andres Jasson,us USA,DFMF,NYCFC,20,2002,5.2,0,5,1,20,0.96,0.19,0,0,14.7,0,0,0,0.7,0.7,0.15,-0.7,-0.7,Matches,31d049b2
342,Corentin Jean,fr FRA,FWMF,Inter Miami,26,1995,0.8,0,2,0,0,2.37,0,0,,17,0,0,0,0.2,0.2,0.12,-0.2,-0.2,Matches,7d9b37bf
343,Cal Jennings,us USA,FWMF,Los Angeles FC,24,1997,0.2,0,0,0,,0,0,,,,0,0,0,0,0,,0,0,Matches,44f6672a
344,Hector Jiménez,us USA,DF,Austin,33,1988,6.6,0,3,0,0,0.45,0,0,,22.2,0,0,0,0.1,0.1,0.03,-0.1,-0.1,Matches,2dc1e90e
345,Jesús Jiménez,es ESP,FW,Toronto FC,28,1993,26,9,53,21,39.6,2.04,0.81,0.17,0.43,12.9,0,0,0,7.8,7.8,0.15,1.2,1.2,Matches,1e161d47
346,Sean Johnson,us USA,GK,NYCFC,32,1989,34,0,0,0,,0,0,,,,0,0,0,0,0,,0,0,Matches,c164335e
347,Alistair Johnston,ca CAN,DF,CF Montréal,23,1998,29.4,4,14,5,35.7,0.48,0.17,0.29,0.8,15.5,0,0,0,1.3,1.3,0.09,2.7,2.7,Matches,4fb17e20
348,DeJuan Jones,us USA,DF,New England,24,1997,30.4,1,19,2,10.5,0.62,0.07,0.05,0.5,20.1,0,0,0,1.3,1.3,0.07,-0.3,-0.3,Matches,10d1139c
349,Derrick Jones,us USA,MF,Charlotte,24,1997,10.5,1,7,1,14.3,0.67,0.1,0.14,1,13.2,0,0,0,1.4,1.4,0.2,-0.4,-0.4,Matches,93c92d6c
350,Joevin Jones,tt TRI,DFMF,Inter Miami,30,1991,1.4,0,0,0,,0,0,,,,0,0,0,0,0,,0,0,Matches,fc23d956
351,Jony,ar ARG,FWMF,Real Salt Lake,27,1994,1.6,0,4,1,25,2.5,0.62,0,0,15.4,0,0,0,0.4,0.4,0.11,-0.4,-0.4,Matches,60665492
352,Juan José Sánchez,co COL,DF,Atlanta Utd,24,1998,16.1,6,14,8,57.1,0.87,0.5,0.43,0.75,9.5,0,0,0,2.3,2.3,0.16,3.7,3.7,Matches,1835f053
353,Dejan Joveljić,rs SRB,FWMF,LA Galaxy,22,1999,11.1,11,31,19,61.3,2.78,1.7,0.29,0.47,15.6,0,2,3,7.4,5,0.16,3.6,4,Matches,95a24690
354,Kamil Jóźwiak,pl POL,FWMF,Charlotte,23,1998,12.8,0,18,4,22.2,1.41,0.31,0,0,16.2,0,0,0,1.7,1.7,0.1,-1.7,-1.7,Matches,bd4e3824
355,Judson,br BRA,MF,San Jose,28,1993,7.3,0,5,0,0,0.68,0,0,,28.4,0,0,0,0.1,0.1,0.03,-0.1,-0.1,Matches,e1535f82
356,Anderson Julio,ec ECU,FWMF,Real Salt Lake,25,1996,5.8,3,20,10,50,3.45,1.72,0.15,0.3,13.1,0,0,0,2.2,2.2,0.11,0.8,0.8,Matches,f907a6a8
357,Florian Jungwirth,de GER,DFMF,Vancouver,33,1989,9.5,0,0,0,,0,0,,,,0,0,0,0,0,,0,0,Matches,f179c207
358,Sam Junqua,us USA,DF,Houston Dynamo,25,1996,5.7,0,1,0,0,0.18,0,0,,17.6,0,0,0,0,0,0.04,0,0,Matches,91981d97
359,Chris Kablan,ch SUI,MF,Real Salt Lake,27,1994,0.3,0,0,0,,0,0,,,,0,0,0,0,0,,0,0,Matches,4159652
360,Kristijan Kahlina,hr CRO,GK,Charlotte,29,1992,31,0,0,0,,0,0,,,,0,0,0,0,0,,0,0,Matches,53e360bb
361,Brent Kallman,us USA,DF,Minnesota Utd,31,1990,15.5,2,9,2,22.2,0.58,0.13,0.22,1,8.3,0,0,0,1,1,0.11,1,1,Matches,2b24702b
362,Kei Kamara,sl SLE,FW,CF Montréal,37,1984,17.3,9,45,17,37.8,2.59,0.98,0.2,0.53,13,0,0,0,6.6,6.6,0.15,2.4,2.4,Matches,6e3f3809
363,Ola Kamara,no NOR,FWMF,D.C. United,32,1989,16.6,9,35,19,54.3,2.11,1.15,0.23,0.42,12,1,1,1,7.3,6.5,0.2,1.7,1.5,Matches,e134351a
364,Bernard Kamungo,tz TAN,FW,FC Dallas,20,2002,0.2,0,0,0,,0,0,,,,0,0,0,0,0,,0,0,Matches,186acc62
365,Alec Kann,us USA,GK,FC Cincinnati,31,1990,7,0,0,0,,0,0,,,,0,0,0,0,0,,0,0,Matches,4a8af93c
366,Johan Kappelhof,nl NED,DF,Real Salt Lake,31,1990,6,1,5,1,20,0.83,0.17,0.2,1,9.5,0,0,0,0.8,0.8,0.17,0.2,0.2,Matches,465015a5
367,Wilfrid Kaptoum,cm CMR,MF,New England,25,1996,11.8,1,11,2,18.2,0.93,0.17,0.09,0.5,20.4,0,0,0,0.7,0.7,0.06,0.3,0.3,Matches,d717630e
368,Ercan Kara,at AUT,FW,Orlando City,26,1996,19.7,11,47,18,38.3,2.38,0.91,0.21,0.56,12.8,1,1,1,9.4,8.7,0.18,1.6,1.3,Matches,540c9a17
369,Mark-Anthony Kaye,ca CAN,MF,Toronto FC,27,1994,7,0,7,2,28.6,1,0.29,0,0,16.3,0,0,0,0.6,0.6,0.08,-0.6,-0.6,Matches,36a38acd
370,Mark-Anthony Kaye,ca CAN,MF,Colorado Rapids,27,1994,14.2,3,15,7,46.7,1.05,0.49,0.2,0.43,16.5,0,0,0,1.9,1.9,0.13,1.1,1.1,Matches,36a38acd
371,Kipp Keller,us USA,DF,Austin,21,2000,3.5,0,0,0,,0,0,,,,0,0,0,0,0,,0,0,Matches,fe5fea9f
372,Jon Kempin,us USA,GK,D.C. United,28,1993,2,0,0,0,,0,0,,,,0,0,0,0,0,,0,0,Matches,063adc5e
373,Deandre Kerr,ca CAN,MFFW,Toronto FC,19,2002,14.5,3,22,6,27.3,1.52,0.41,0.14,0.5,13.7,0,0,0,2.9,2.9,0.13,0.1,0.1,Matches,a3e85f7b
374,Henry Kessler,us USA,DF,New England,23,1998,20.5,1,10,2,20,0.49,0.1,0.1,0.5,10.4,0,0,0,1.1,1.1,0.12,-0.1,-0.1,Matches,23c75879
375,Nabilai Kibunguchy,us USA,MF,Minnesota Utd,24,1998,2,0,2,0,0,1,0,0,,14.9,0,0,0,0.1,0.1,0.06,-0.1,-0.1,Matches,3b114bfc
376,Benjamin Kikanovic,us USA,FWMF,San Jose,22,2000,15.2,6,21,6,28.6,1.38,0.39,0.29,1,11.4,0,0,0,3.6,3.6,0.17,2.4,2.4,Matches,fe11d61b
377,Patryk Klimala,pl POL,FW,NY Red Bulls,23,1998,18.2,5,51,21,41.2,2.8,1.15,0.06,0.14,16.8,0,2,3,8.2,5.8,0.11,-3.2,-2.8,Matches,0bf3c11c
378,Sacha Kljestan,us USA,MFFW,LA Galaxy,36,1985,4.9,1,7,1,14.3,1.43,0.2,0,0,25.8,0,1,1,1.2,0.4,0.06,-0.2,-0.4,Matches,73682895
379,Brad Knighton,us USA,GK,New England,36,1985,4,0,0,0,,0,0,,,,0,0,0,0,0,,0,0,Matches,9903a3cb
380,Žan Kolmanič,si SVN,DF,Austin,21,2000,11.9,0,8,1,12.5,0.67,0.08,0,0,24.6,2,0,0,0.2,0.2,0.03,-0.2,-0.2,Matches,4501fd21
381,Ismaël Koné,ca CAN,MF,CF Montréal,19,2002,17.6,2,24,6,25,1.37,0.34,0.08,0.33,23.8,0,0,0,1.5,1.5,0.06,0.5,0.5,Matches,e0220b70
382,Damir Kreilach,hr CRO,MFFW,Real Salt Lake,32,1989,3.3,1,9,4,44.4,2.7,1.2,0.11,0.25,14.5,1,0,0,1.3,1.3,0.14,-0.3,-0.3,Matches,068be155
383,Theodore Ku-Dipietro,us USA,FWMF,D.C. United,20,2002,2.6,0,0,0,,0,0,,,,0,0,0,0,0,,0,0,Matches,ef7c10e0
384,Yuya Kubo,jp JPN,MF,FC Cincinnati,28,1993,15,1,15,2,13.3,1,0.13,0.07,0.5,22.8,0,0,0,0.9,0.9,0.06,0.1,0.1,Matches,cba16a46
385,Jojea Kwizera,cg CGO,DFMF,CF Montréal,23,1999,3.1,0,2,0,0,0.65,0,0,,16,0,0,0,0.1,0.1,0.04,-0.1,-0.1,Matches,cc61360d
386,Lassi Lappalainen,fi FIN,DFMF,CF Montréal,23,1998,21.4,3,28,10,35.7,1.31,0.47,0.11,0.3,16.1,0,0,0,3.8,3.8,0.13,-0.8,-0.8,Matches,bcb2282d
387,Jesús David Murillo Largacha,co COL,DF,Los Angeles FC,27,1994,26,2,16,4,25,0.62,0.15,0.13,0.5,10.8,0,0,0,2.1,2.1,0.13,-0.1,-0.1,Matches,68d48a71
388,Richie Laryea,ca CAN,DF,Toronto FC,27,1995,9.6,0,1,0,0,0.1,0,0,,20.7,0,0,0,0,0,0.04,0,0,Matches,276fdbe4
389,Ariel Lassiter,cr CRC,FWMF,Inter Miami,27,1994,18.2,4,49,21,42.9,2.69,1.15,0.08,0.19,18.3,0,0,0,4.9,4.9,0.1,-0.9,-0.9,Matches,bd7b916c
390,Vuk Latinovich,us USA,DF,NYCFC,24,1997,2.8,0,1,0,0,0.35,0,0,,8.8,0,0,0,0.1,0.1,0.08,-0.1,-0.1,Matches,5c0e047a
391,Kemar Lawrence,jm JAM,DF,Minnesota Utd,29,1992,25.6,1,8,3,37.5,0.31,0.12,0.13,0.33,17.3,0,0,0,0.4,0.4,0.05,0.6,0.6,Matches,80be3efe
392,Randall Leal,cr CRC,MF,Nashville,25,1997,23.6,2,59,15,25.4,2.5,0.63,0.02,0.07,23.1,0,1,1,3.6,2.8,0.05,-1.6,-1.8,Matches,874a5031
393,Kelvin Leerdam,sr SUR,DFMF,LA Galaxy,31,1990,5.3,0,1,1,100,0.19,0.19,0,0,12,0,0,0,0.2,0.2,0.2,-0.2,-0.2,Matches,d8b47705
394,Brooks Lennon,us USA,DFFW,Atlanta Utd,24,1997,22.6,2,17,9,52.9,0.75,0.4,0.12,0.22,17.3,2,0,0,1.8,1.8,0.11,0.2,0.2,Matches,ec80ba72
395,Jonathan Lewis,us USA,FWMF,Colorado Rapids,24,1997,24.5,5,57,24,42.1,2.32,0.98,0.09,0.21,16.5,0,0,0,8.1,8.1,0.14,-3.1,-3.1,Matches,2501eb59
396,Danny Leyva,us USA,MF,Seattle,18,2003,10.6,0,8,0,0,0.76,0,0,,25.2,0,0,0,0.4,0.4,0.05,-0.4,-0.4,Matches,ecc3a9c9
397,Azaad Liadi,us USA,MF,D.C. United,23,1998,0.1,0,0,0,,0,0,,,,0,0,0,0,0,,0,0,Matches,ba702426
398,Nick Lima,us USA,DF,Austin,27,1994,26,0,20,1,5,0.77,0.04,0,0,23.3,0,0,0,0.8,0.8,0.04,-0.8,-0.8,Matches,959686eb
399,Jaylin Lindsey,us USA,DF,Charlotte,21,2000,18.5,0,5,3,60,0.27,0.16,0,0,24.6,0,0,0,0.2,0.2,0.04,-0.2,-0.2,Matches,83cb6e59
400,Sebastian Lletget,us USA,MF,FC Dallas,29,1992,9.1,1,9,4,44.4,0.99,0.44,0.11,0.25,17.4,0,0,0,0.8,0.8,0.09,0.2,0.2,Matches,73019c31
401,Sebastian Lletget,us USA,FWMF,New England,29,1992,16.1,2,26,11,42.3,1.62,0.68,0.08,0.18,14.3,0,0,0,2.7,2.7,0.1,-0.7,-0.7,Matches,73019c31
402,Robin Lod,fi FIN,FWMF,Minnesota Utd,28,1993,27.7,6,59,21,35.6,2.13,0.76,0.1,0.29,16.2,0,0,0,7.2,7.2,0.12,-1.2,-1.2,Matches,33c69aa0
403,Nicolás Lodeiro,uy URU,MF,Seattle,32,1989,25.7,7,35,10,28.6,1.36,0.39,0.09,0.3,22.3,4,4,5,6.5,2.5,0.07,0.5,0.5,Matches,fe81d0d1
404,Jasper Löffelsend,de GER,MF,Real Salt Lake,24,1997,18.1,1,13,1,7.7,0.72,0.06,0.08,1,25.9,0,0,0,0.8,0.8,0.06,0.2,0.2,Matches,ce037639
405,Aaron Long,us USA,DF,NY Red Bulls,29,1992,26.3,4,19,7,36.8,0.72,0.27,0.21,0.57,10.4,0,0,0,2.6,2.6,0.14,1.4,1.4,Matches,46b89640
406,Marcos López,pe PER,DF,San Jose,22,1999,15.4,1,15,2,13.3,0.97,0.13,0.07,0.5,19.1,0,0,0,0.8,0.8,0.05,0.2,0.2,Matches,9b3ab988
407,Marvin Loría,cr CRC,FWMF,Portland Timbers,24,1997,8.9,2,20,6,30,2.24,0.67,0.1,0.33,20.2,0,0,1,2.5,1.6,0.08,-0.5,0.4,Matches,71380d87
408,Daniel Lovitz,us USA,DF,Nashville,30,1991,29.1,1,12,3,25,0.41,0.1,0.08,0.33,19.1,0,0,0,0.9,0.9,0.07,0.1,0.1,Matches,db97d838
409,Damion Lowe,jm JAM,DF,Inter Miami,28,1993,26.5,1,11,5,45.5,0.42,0.19,0.09,0.2,13.1,0,0,0,1.3,1.3,0.12,-0.3,-0.3,Matches,b6e2e54c
410,Everton Luiz,br BRA,MF,Real Salt Lake,33,1988,4.8,0,1,0,0,0.21,0,0,,21.7,0,0,0,0,0,0.04,0,0,Matches,3.80E+141
411,Diego Luna,us USA,MF,Real Salt Lake,18,2003,3.5,0,8,1,12.5,2.26,0.28,0,0,19.7,0,0,0,0.4,0.4,0.05,-0.4,-0.4,Matches,e67f8af0
412,Adam Lundqvist,se SWE,DF,Houston Dynamo,27,1994,28.7,0,7,2,28.6,0.24,0.07,0,0,23.1,1,0,0,0.3,0.3,0.04,-0.3,-0.3,Matches,91769a24
413,Luquinhas,br BRA,MFFW,NY Red Bulls,25,1996,21.5,5,34,10,29.4,1.58,0.46,0.15,0.5,18.3,0,0,0,3.1,3.1,0.09,1.9,1.9,Matches,85937928
414,Jack Lynn,us USA,FWDF,Orlando City,22,2000,0.1,0,0,0,,0,0,,,,0,0,0,0,0,,0,0,Matches,c81d718e
415,Larrys Mabiala,cd COD,DF,Portland Timbers,34,1987,17.3,0,5,1,20,0.29,0.06,0,0,12.3,0,0,0,0.3,0.3,0.07,-0.3,-0.3,Matches,5bdec47f
416,Aimé Mabika,zm ZAM,DF,Inter Miami,23,1998,11.4,0,2,0,0,0.18,0,0,,12.9,0,0,0,0,0,0.02,0,0,Matches,3a37d349
417,Maciel,br BRA,MF,New England,22,2000,7.6,0,2,0,0,0.26,0,0,,27.5,0,0,0,0,0,0.02,0,0,Matches,a39d51e0
418,Zac MacMath,us USA,GK,Real Salt Lake,30,1991,34,0,2,1,50,0.06,0.03,0,0,13.2,0,0,0,0.1,0.1,0.06,-0.1,-0.1,Matches,06caac45
419,Lukas MacNaughton,ca CAN,DF,Toronto FC,26,1995,19.9,0,6,1,16.7,0.3,0.05,0,0,8.6,0,0,0,0.7,0.7,0.12,-0.7,-0.7,Matches,b6111d16
420,Talles Magno,br BRA,FWMF,NYCFC,19,2002,28.8,7,64,22,34.4,2.22,0.76,0.09,0.27,14.8,0,1,1,8.8,8,0.13,-1.8,-2,Matches,64c98878
421,Jack Maher,us USA,DF,Nashville,22,1999,20.6,2,5,2,40,0.24,0.1,0.4,1,8.1,0,0,0,0.7,0.7,0.14,1.3,1.3,Matches,0c6f2fa6
422,Christian Makoun,ve VEN,MFDF,New England,21,2000,4.2,0,7,2,28.6,1.66,0.47,0,0,23.7,0,0,0,0.3,0.3,0.04,-0.3,-0.3,Matches,7efffe65
423,Christian Makoun,ve VEN,DF,Charlotte,21,2000,9.5,0,3,0,0,0.32,0,0,,6.8,0,0,0,0.6,0.6,0.2,-0.6,-0.6,Matches,7efffe65
424,Adilson Malanda,fr FRA,DF,Charlotte,20,2001,6,0,3,0,0,0.5,0,0,,10.6,0,0,0,0.2,0.2,0.05,-0.2,-0.2,Matches,9d83969b
425,Machop Malual,ss SSD,DFFW,Atlanta Utd,23,1998,0.9,0,1,0,0,1.13,0,0,,11.9,0,0,0,0.1,0.1,0.13,-0.1,-0.1,Matches,1701b012
426,Elias Manoel,br BRA,FW,NY Red Bulls,20,2001,4,2,10,6,60,2.51,1.51,0.2,0.33,13.8,0,0,0,1.1,1.1,0.13,0.9,0.9,Matches,7f19cbe0
427,J.T. Marcinkowski,us USA,GK,San Jose,24,1997,32.5,0,0,0,,0,0,,,,0,0,0,0,0,,0,0,Matches,977791f4
428,Paul Marie,fr FRA,DF,San Jose,26,1995,24.9,1,25,4,16,1.01,0.16,0.04,0.25,23.3,0,0,0,1.4,1.4,0.06,-0.4,-0.4,Matches,da0bb55a
429,Anthony Markanich,us USA,DF,Colorado Rapids,22,1999,2.6,0,4,1,25,1.54,0.38,0,0,16.1,0,0,0,0.2,0.2,0.05,-0.2,-0.2,Matches,565fde4a
430,Nick Markanich,us USA,FWMF,FC Cincinnati,22,1999,1.2,0,6,0,0,4.91,0,0,,9.4,0,0,0,1.2,1.2,0.21,-1.2,-1.2,Matches,65988c73
431,George Marks,us USA,GK,Charlotte,22,1999,1,0,0,0,,0,0,,,,0,0,0,0,0,,0,0,Matches,e75f9dba
432,Jahkeele Marshall-Rutty,ca CAN,DF,Toronto FC,17,2004,6.9,0,4,1,25,0.58,0.14,0,0,23.6,0,0,0,0.1,0.1,0.03,-0.1,-0.1,Matches,b9459f85
433,Nick Marsman,nl NED,GK,Inter Miami,31,1990,7,0,0,0,,0,0,,,,0,0,0,0,0,,0,0,Matches,f352799f
434,José Martínez,es ESP,DF,FC Dallas,28,1993,29.1,0,7,2,28.6,0.24,0.07,0,0,11.1,0,0,0,0.9,0.9,0.12,-0.9,-0.9,Matches,8e049cbd
435,Josef Martínez,ve VEN,FW,Atlanta Utd,28,1993,16.3,9,48,20,41.7,2.95,1.23,0.17,0.4,14.3,0,1,1,8.7,7.9,0.16,0.3,0.1,Matches,e73f0aa1
436,Luís Martins,pt POR,DFMF,Vancouver,29,1992,5.2,0,5,1,20,0.96,0.19,0,0,18.5,0,0,0,0.2,0.2,0.04,-0.2,-0.2,Matches,56b7c09b
437,Thiago Martins,br BRA,DF,NYCFC,26,1995,23.9,0,6,2,33.3,0.25,0.08,0,0,13.7,0,0,0,0.5,0.5,0.09,-0.5,-0.5,Matches,4d6ec370
438,Alexandru Mățan,ro ROU,FWMF,Columbus Crew,22,1999,0.4,0,3,1,33.3,8.44,2.81,0,0,12.2,0,0,0,0.7,0.7,0.22,-0.7,-0.7,Matches,3bd3bcc4
439,Rónald Matarrita,cr CRC,DF,FC Cincinnati,27,1994,2.5,1,3,1,33.3,1.21,0.4,0.33,1,26,1,0,0,0.1,0.1,0.04,0.9,0.9,Matches,491862dd
440,Jimmy Maurer,us USA,GK,FC Dallas,33,1988,2,0,0,0,,0,0,,,,0,0,0,0,0,,0,0,Matches,ca1c6f3d
441,José Mauri,it ITA,MF,Sporting KC,25,1996,0.3,0,0,0,,0,0,,,,0,0,0,0,0,,0,0,Matches,644faf10
442,Chris Mavinga,cd COD,DF,Toronto FC,30,1991,16.6,0,0,0,,0,0,,,,0,0,0,0,0,,0,0,Matches,fda36cfb
443,Max,br BRA,MFFW,Colorado Rapids,20,2001,10,0,23,6,26.1,2.29,0.6,0,0,20.2,0,0,0,2.3,2.3,0.1,-2.3,-2.3,Matches,67c3efa4
444,Olivier Mbaizo,cm CMR,DF,Philadelphia,24,1997,14.5,0,5,2,40,0.34,0.14,0,0,25.9,0,0,0,0.2,0.2,0.03,-0.2,-0.2,Matches,f6315619
445,Hugo-Hilaire Mbongue Mbongue,ca CAN,FW,Toronto FC,17,2004,0.3,0,0,0,,0,0,,,,0,0,0,0,0,,0,0,Matches,df4fe2b7
446,John McCarthy,us USA,GK,Los Angeles FC,29,1992,1,0,0,0,,0,0,,,,0,0,0,0,0,,0,0,Matches,2.49E+14
447,Dax McCarty,us USA,MF,Nashville,34,1987,19.7,0,15,1,6.7,0.76,0.05,0,0,21.6,0,0,1,1.8,1,0.07,-1.8,-1,Matches,b74e58c0
448,Aiden McFadden,us USA,DF,Atlanta Utd,23,1998,7.1,0,5,1,20,0.7,0.14,0,0,17.6,0,0,0,0.2,0.2,0.04,-0.2,-0.2,Matches,eed1b8f6
449,Jack McGlynn,us USA,MF,Philadelphia,18,2003,11.3,1,19,6,31.6,1.68,0.53,0.05,0.17,26.5,5,0,0,0.8,0.8,0.04,0.2,0.2,Matches,e2b8c25c
450,Zac McGraw,us USA,DF,Portland Timbers,24,1997,12,1,10,4,40,0.84,0.33,0.1,0.25,10.3,0,0,0,1.7,1.7,0.17,-0.7,-0.7,Matches,83129dc7
451,Kendall McIntosh,us USA,GK,Sporting KC,28,1994,2,0,0,0,,0,0,,,,0,0,0,0,0,,0,0,Matches,d1f3e74b
452,Thomas McNamara,us USA,MFFW,New England,30,1991,27.5,4,23,12,52.2,0.84,0.44,0.17,0.33,19.3,0,0,0,2.4,2.4,0.11,1.6,1.6,Matches,ab36595d
453,Quinn McNeill,us USA,MF,Charlotte,23,1998,7.4,1,3,2,66.7,0.41,0.27,0.33,0.5,17.2,0,0,0,0.5,0.5,0.17,0.5,0.5,Matches,2a9b1a97
454,Christopher McVey,se SWE,DF,Inter Miami,24,1997,33.8,1,10,4,40,0.3,0.12,0.1,0.25,13.6,0,0,0,1.4,1.4,0.14,-0.4,-0.4,Matches,149d8165
455,Ryan Meara,us USA,GK,NY Red Bulls,31,1990,1,0,0,0,,0,0,,,,0,0,0,0,0,,0,0,Matches,18f0723b
456,Jimmy Medranda,co COL,DFFW,Seattle,27,1994,7.2,0,15,3,20,2.07,0.41,0,0,21.2,0,0,0,0.9,0.9,0.06,-0.9,-0.9,Matches,6f7ac622
457,Haris Medunjanin,ba BIH,MF,FC Cincinnati,36,1985,5.2,0,2,0,0,0.38,0,0,,23,0,0,0,0.1,0.1,0.07,-0.1,-0.1,Matches,de5d5d41
458,Tim Melia,us USA,GK,Sporting KC,35,1986,20.6,0,0,0,,0,0,,,,0,0,0,0,0,,0,0,Matches,cc741f50
459,Jhegson Méndez,ec ECU,MF,Orlando City,24,1997,4.6,0,0,0,,0,0,,,,0,0,0,0,0,,0,0,Matches,db0c5324
460,Jhegson Méndez,ec ECU,MFFW,Los Angeles FC,24,1997,2.4,0,5,0,0,2.08,0,0,,26.9,0,0,0,0.2,0.2,0.04,-0.2,-0.2,Matches,db0c5324
461,Jonathan Mensah,gh GHA,DF,Columbus Crew,31,1990,28.6,2,22,9,40.9,0.77,0.31,0.09,0.22,17,1,0,0,1.6,1.5,0.07,0.4,0.5,Matches,8087e6cb
462,Justin Meram,iq IRQ,MFFW,Real Salt Lake,33,1988,25.3,3,38,11,28.9,1.5,0.43,0.08,0.27,20.1,3,0,0,3,3,0.08,0,0,Matches,ae34c71d
463,Romain Métanire,mg MAD,MF,Minnesota Utd,31,1990,0.3,0,0,0,,0,0,,,,0,0,0,0,0,,0,0,Matches,0fb21da9
464,Nicolás Mezquida,uy URU,MFFW,Colorado Rapids,30,1992,1.2,0,1,1,100,0.8,0.8,0,0,26.4,1,0,0,0.1,0.1,0.06,-0.1,-0.1,Matches,00b629e1
465,Matt Miazga,us USA,DF,FC Cincinnati,26,1995,9.2,2,5,2,40,0.54,0.22,0.4,1,12.4,0,0,0,0.5,0.5,0.1,1.5,1.5,Matches,9fc0f253
466,Micael,br BRA,MF,Houston Dynamo,21,2000,0.5,0,0,0,,0,0,,,,0,0,0,0,0,,0,0,Matches,ea95d7a6
467,Benji Michel,us USA,FWMF,Orlando City,24,1997,16.7,1,25,8,32,1.5,0.48,0.04,0.13,13.2,0,0,0,3.4,3.4,0.14,-2.4,-2.4,Matches,151ca25f
468,Djordje Mihailovic,us USA,MFFW,CF Montréal,23,1998,22.2,9,41,24,58.5,1.85,1.08,0.22,0.38,18.7,4,0,0,6,6,0.15,3,3,Matches,83cf9719
469,Matko Miljevic,us USA,MFFW,CF Montréal,20,2001,7.7,1,26,8,30.8,3.37,1.04,0,0,21,0,1,1,2.3,1.5,0.06,-1.3,-1.5,Matches,74b76abc
470,Eric Miller,us USA,DF,Nashville,29,1993,14.9,0,2,0,0,0.13,0,0,,22.8,0,0,0,0.2,0.2,0.09,-0.2,-0.2,Matches,c0593f5d
471,Kamal Miller,ca CAN,DF,CF Montréal,24,1997,25.5,2,24,8,33.3,0.94,0.31,0.08,0.25,12.9,0,0,0,2.8,2.8,0.12,-0.8,-0.8,Matches,0646bd8a
472,Tyler Miller,us USA,GK,Minnesota Utd,28,1993,2.5,0,0,0,,0,0,,,,0,0,0,0,0,,0,0,Matches,7827a6b3
473,Kevin Molino,tt TRI,FW,Columbus Crew,31,1990,4.9,1,5,2,40,1.02,0.41,0.2,0.5,23.2,0,0,0,0.4,0.4,0.07,0.6,0.6,Matches,371645ca
474,Alex Monis,us USA,FW,Chicago Fire,18,2003,0,1,1,1,100,45,45,1,1,6.1,0,0,0,0.5,0.5,0.47,0.5,0.5,Matches,66db9e72
475,Jamiro Monteiro,cv CPV,MF,San Jose,28,1993,29.3,4,36,15,41.7,1.23,0.51,0.11,0.27,23.8,2,0,0,2.9,2.9,0.08,1.1,1.1,Matches,d384bddd
476,Fredy Montero,co COL,FWMF,Seattle,34,1987,14.3,4,42,15,35.7,2.94,1.05,0.07,0.2,19,2,1,1,6,5.2,0.12,-2,-2.2,Matches,bc5b5be5
477,Kim Moonhwan,kr KOR,DF,Los Angeles FC,26,1995,0.9,0,0,0,,0,0,,,,0,0,0,0,0,,0,0,Matches,6bce7dd8
478,Drew Moor,us USA,DFMF,Colorado Rapids,38,1984,2.6,0,1,0,0,0.39,0,0,,8.6,0,0,0,0.1,0.1,0.13,-0.1,-0.1,Matches,220cf869
479,Shaquell Moore,us USA,DF,Nashville,25,1996,9.9,0,13,1,7.7,1.32,0.1,0,0,22.4,0,0,0,0.4,0.4,0.03,-0.4,-0.4,Matches,3b9f859b
480,Felipe Mora,cl CHI,FWMF,Portland Timbers,28,1993,0.9,1,2,1,50,2.17,1.08,0,0,11.4,0,1,1,1.3,0.6,0.28,-0.3,-0.6,Matches,f4b0ea46
481,Joseph Mora,cr CRC,DF,Charlotte,29,1993,19.1,0,6,0,0,0.31,0,0,,28.4,1,0,0,0.1,0.1,0.02,-0.1,-0.1,Matches,2af71023
482,Alfredo Morales,us USA,MFDF,NYCFC,31,1990,20.9,0,16,1,6.3,0.77,0.05,0,0,13.2,0,0,0,0.9,0.8,0.05,-0.9,-0.8,Matches,ff45add5
483,Maximiliano Moralez,ar ARG,MF,NYCFC,34,1987,23.3,2,39,13,33.3,1.67,0.56,0.05,0.15,21.3,6,0,1,3.9,3.1,0.08,-1.9,-1.1,Matches,f99f37fc
484,Steven Moreira,fr FRA,DF,Columbus Crew,27,1994,30.9,1,11,4,36.4,0.36,0.13,0.09,0.25,18.9,0,0,0,0.7,0.7,0.06,0.3,0.3,Matches,f10983ae
485,Junior Moreno,ve VEN,MF,FC Cincinnati,28,1993,22.6,2,15,3,20,0.66,0.13,0.13,0.67,21.3,0,0,0,0.9,0.9,0.06,1.1,1.1,Matches,5dcb4ac4
486,Marcelino Moreno,ar ARG,MFFW,Atlanta Utd,27,1994,19.6,2,55,16,29.1,2.8,0.81,0.04,0.13,22.4,4,0,1,3.6,3.3,0.06,-1.6,-1.3,Matches,058c938c
487,Santiago Moreno,co COL,FWMF,Portland Timbers,21,2000,27,7,45,18,40,1.67,0.67,0.09,0.22,20.6,1,3,3,6.8,4.5,0.1,0.2,-0.5,Matches,3261d0e4
488,Lewis Morgan,sct SCO,FWMF,NY Red Bulls,25,1996,29.5,14,79,24,30.4,2.67,0.81,0.1,0.33,21.5,8,6,6,10.3,5.6,0.07,3.7,2.4,Matches,b675e328
489,Aidan Morris,us USA,MF,Columbus Crew,20,2001,20.1,0,13,1,7.7,0.65,0.05,0,0,21.3,0,0,0,0.8,0.8,0.06,-0.8,-0.8,Matches,3778339c
490,Jordan Morris,us USA,FW,Seattle,27,1994,25.7,7,54,22,40.7,2.1,0.85,0.13,0.32,12,0,0,0,9.6,9.6,0.18,-2.6,-2.6,Matches,bd298d0d
491,Ravel Morrison,jm JAM,MFFW,D.C. United,28,1993,10.7,2,16,5,31.3,1.49,0.47,0.13,0.4,25.4,1,0,0,1,1,0.06,1,1,Matches,bf59c794
492,Edwin Mosquera,co COL,FWDF,Atlanta Utd,20,2001,3.5,0,8,4,50,2.31,1.15,0,0,16.3,0,0,0,0.5,0.5,0.07,-0.5,-0.5,Matches,15cda5f6
493,Juan Mosquera,co COL,DFMF,Portland Timbers,19,2002,2.1,0,2,1,50,0.95,0.48,0,0,19.6,0,0,0,0.1,0.1,0.05,-0.1,-0.1,Matches,bb18b3b6
494,Jean Mota,br BRA,MF,Inter Miami,28,1993,29.6,2,52,11,21.2,1.76,0.37,0.04,0.18,27,7,0,0,2,2,0.04,0,0,Matches,1ee0513b
495,João Moutinho,pt POR,DF,Orlando City,24,1998,27.3,2,18,4,22.2,0.66,0.15,0.11,0.5,14.4,0,0,0,1.5,1.4,0.08,0.5,0.6,Matches,a0aee24e
496,Chris Mueller,us USA,FW,Chicago Fire,25,1996,21.8,4,47,18,38.3,2.16,0.83,0.09,0.22,15.8,4,0,1,5.8,5,0.11,-1.8,-1,Matches,a5334099
497,Hany Mukhtar,de GER,FWMF,Nashville,26,1995,31.4,23,119,56,47.1,3.79,1.78,0.14,0.3,18.1,16,6,7,20.4,14.9,0.13,2.6,2.1,Matches,87fe8526
498,Jake Mulraney,ie IRL,FWDF,Atlanta Utd,25,1996,2,1,3,1,33.3,1.47,0.49,0.33,1,16.8,0,0,0,0.2,0.2,0.08,0.8,0.8,Matches,0f04858e
499,Jake Mulraney,ie IRL,FWMF,Orlando City,25,1996,8.1,0,11,1,9.1,1.36,0.12,0,0,18.9,0,0,0,0.7,0.7,0.06,-0.7,-0.7,Matches,0f04858e
500,Eddie Munjoma,us USA,DFFW,FC Dallas,23,1998,1.1,0,0,0,,0,0,,,,0,0,0,0,0,,0,0,Matches,0e1f6ffa
501,Ian Murphy,us USA,DF,FC Cincinnati,22,2000,16.3,1,1,1,100,0.06,0.06,1,1,10.9,0,0,0,0.1,0.1,0.14,0.9,0.9,Matches,c6d233e3
502,Daniel Musovski,us USA,FWMF,Los Angeles FC,26,1995,5.7,2,13,6,46.2,2.28,1.05,0.15,0.33,12.9,0,0,0,1.9,1.9,0.15,0.1,0.1,Matches,925a2703
503,Daniel Musovski,us USA,FWMF,Real Salt Lake,26,1995,0.5,0,0,0,,0,0,,,,0,0,0,0,0,,0,0,Matches,925a2703
504,Alex Muyl,us USA,DFMF,Nashville,26,1995,22.4,2,28,10,35.7,1.25,0.45,0.07,0.2,14.7,0,0,0,2.9,2.9,0.1,-0.9,-0.9,Matches,2c1025bf
505,Darlington Nagbe,us USA,MF,Columbus Crew,31,1990,33.7,3,13,5,38.5,0.39,0.15,0.23,0.6,19.9,0,0,0,1.8,1.8,0.14,1.2,1.2,Matches,6219c704
506,Andy Najar,hn HON,DF,D.C. United,28,1993,18.5,0,8,1,12.5,0.43,0.05,0,0,17.9,0,0,0,0.6,0.6,0.07,-0.6,-0.6,Matches,f8280175
507,Federico Navarro,ar ARG,MF,Chicago Fire,21,2000,27.3,2,21,4,19,0.77,0.15,0.1,0.5,22.2,0,0,0,1.7,1.7,0.08,0.3,0.3,Matches,61c628be
508,Miguel Navarro,ve VEN,DF,Chicago Fire,22,1999,24.1,0,11,2,18.2,0.46,0.08,0,0,24.1,0,0,0,0.4,0.4,0.04,-0.4,-0.4,Matches,3fbff39a
509,Hassan Ndam,cm CMR,DF,NY Red Bulls,23,1998,0.5,0,0,0,,0,0,,,,0,0,0,0,0,,0,0,Matches,148f3d0f
510,Logan Ndenbe,be BEL,DF,Sporting KC,21,2000,19.5,0,7,1,14.3,0.36,0.05,0,0,28,0,0,0,0.2,0.2,0.03,-0.2,-0.2,Matches,f625e8a5
511,Dylan Nealis,us USA,DF,NY Red Bulls,23,1998,20,0,9,1,11.1,0.45,0.05,0,0,12.7,0,0,0,0.8,0.8,0.09,-0.8,-0.8,Matches,24f4dd87
512,Sean Nealis,us USA,DF,NY Red Bulls,25,1997,32.8,0,21,5,23.8,0.64,0.15,0,0,11.3,0,0,0,1.8,1.8,0.09,-1.8,-1.8,Matches,8c1b17b3
513,Jayden Nelson,ca CAN,MFFW,Toronto FC,19,2002,21.9,1,29,9,31,1.33,0.41,0.03,0.11,20.7,1,0,0,2.2,2.2,0.08,-1.2,-1.2,Matches,92305a81
514,John Nelson,us USA,DF,FC Cincinnati,23,1998,13.4,0,3,0,0,0.22,0,0,,16.1,0,0,0,0.2,0.2,0.07,-0.2,-0.2,Matches,df8c4d49
515,Michael Nelson,us USA,GK,Houston Dynamo,26,1995,1.7,0,0,0,,0,0,,,,0,0,0,0,0,,0,0,Matches,f4a12161
516,Jake Nerwinski,us USA,DF,Vancouver,27,1994,20.1,0,4,0,0,0.2,0,0,,10.8,0,0,0,0.5,0.5,0.13,-0.5,-0.5,Matches,2b5801d0
517,Harvey Neville,eng ENG,DF,Inter Miami,19,2002,0.1,0,0,0,,0,0,,,,0,0,0,0,0,,0,0,Matches,92442794
518,Serge Ngoma,us USA,FWMF,NY Red Bulls,16,2005,1.3,2,2,2,100,1.55,1.55,1,1,19.2,0,0,0,0.4,0.4,0.18,1.6,1.6,Matches,de7a0fe6
519,Sam Nicholson,sct SCO,MFFW,Colorado Rapids,27,1995,9.2,1,13,4,30.8,1.41,0.43,0.08,0.25,18.8,0,0,0,0.7,0.7,0.05,0.3,0.3,Matches,8c8ac996
520,Jarosław Niezgoda,pl POL,FW,Portland Timbers,26,1995,21.9,9,36,17,47.2,1.65,0.78,0.25,0.53,12.9,0,0,0,6.5,6.5,0.18,2.5,2.5,Matches,60c659b6
521,Tsiki Ntsabeleng,za RSA,MF,FC Dallas,23,1998,9.3,1,15,3,20,1.61,0.32,0.07,0.33,16.5,0,0,0,2.3,2.3,0.17,-1.3,-1.3,Matches,bcbc53d5
522,Obinna Nwobodo,ng NGA,MF,FC Cincinnati,25,1996,22.9,0,6,1,16.7,0.26,0.04,0,0,28.8,0,0,0,0.2,0.2,0.04,-0.2,-0.2,Matches,897c8066
523,Moses Nyeman,us USA,MF,D.C. United,18,2003,1.6,0,1,0,0,0.63,0,0,,31.6,0,0,0,0,0,0.01,0,0,Matches,09d33255
524,Shane O'Neill,us USA,DF,Toronto FC,28,1993,21.1,0,2,1,50,0.09,0.05,0,0,18.9,0,0,0,0.1,0.1,0.04,-0.1,-0.1,Matches,a62a56b4
525,Kevin O'Toole,us USA,FWMF,NYCFC,23,1998,3,0,2,0,0,0.67,0,0,,21.3,0,0,0,0.2,0.2,0.08,-0.2,-0.2,Matches,72a0f655
526,Jáder Obrian,co COL,FW,FC Dallas,26,1995,14.9,2,23,7,30.4,1.54,0.47,0.09,0.29,12.7,0,0,0,3.7,3.7,0.16,-1.7,-1.7,Matches,1471b2a8
527,David Ochoa,us USA,GK,D.C. United,21,2001,9,0,0,0,,0,0,,,,0,0,0,0,0,,0,0,Matches,dba6b279
528,Chris Odoi-Atsem,us USA,DF,D.C. United,26,1995,9.5,0,2,0,0,0.21,0,0,,9.8,0,0,0,0.2,0.2,0.1,-0.2,-0.2,Matches,375ec69e
529,Chinonso Offor,ng NGA,FW,Chicago Fire,21,2000,3,1,5,1,20,1.68,0.34,0.2,1,10.5,0,0,0,1.4,1.4,0.27,-0.4,-0.4,Matches,dc590664
530,Braian Ojeda,py PAR,MF,Real Salt Lake,21,2000,3.9,0,3,0,0,0.77,0,0,,30.9,0,0,0,0.1,0.1,0.02,-0.1,-0.1,Matches,60953af0
531,Noble Okello,ca CAN,MFFW,Toronto FC,21,2000,3.9,0,5,2,40,1.29,0.51,0,0,15.8,0,0,0,0.6,0.6,0.13,-0.6,-0.6,Matches,6bc16162
532,Wyatt Omsberg,us USA,DF,Chicago Fire,26,1995,14,1,10,4,40,0.71,0.29,0.1,0.25,10.8,0,0,0,1.6,1.6,0.16,-0.6,-0.6,Matches,cd44ba68
533,Easton Ongaro,ca CAN,FW,Vancouver,23,1998,0.5,0,0,0,,0,0,,,,0,0,0,0,0,,0,0,Matches,8d3dd05f
534,Kwadwo Opoku,gh GHA,FWMF,Los Angeles FC,20,2001,19.7,7,58,25,43.1,2.95,1.27,0.12,0.28,17.4,0,0,0,7.4,7.4,0.13,-0.4,-0.4,Matches,226a288e
535,Arquimides Ordonez,gt GUA,FWMF,FC Cincinnati,18,2003,1,0,7,1,14.3,7,1,0,0,14.5,0,0,0,0.7,0.7,0.09,-0.7,-0.7,Matches,8941d9b2
536,Sergio Oregel,us USA,MF,Chicago Fire,16,2005,0.1,0,0,0,,0,0,,,,0,0,0,0,0,,0,0,Matches,f6c6ff09
537,Jaziel Orozco,us USA,DF,Real Salt Lake,17,2004,3.5,0,3,1,33.3,0.86,0.29,0,0,10.2,0,0,0,0.2,0.2,0.06,-0.2,-0.2,Matches,46af4656
538,Christian Ortiz,ar ARG,MFFW,Charlotte,29,1992,7.1,1,12,3,25,1.68,0.42,0.08,0.33,20.8,1,0,0,0.6,0.6,0.05,0.4,0.4,Matches,bd8ddbd6
539,Jonathan Osorio,ca CAN,MF,Toronto FC,29,1992,18.7,9,25,12,48,1.33,0.64,0.36,0.75,15.5,0,0,0,4.3,4.3,0.17,4.7,4.7,Matches,70106ff6
540,Bryan Oviedo,cr CRC,DFMF,Real Salt Lake,31,1990,4,0,3,2,66.7,0.75,0.5,0,0,26.8,0,0,0,0.1,0.1,0.02,-0.1,-0.1,Matches,31faf295
541,Leonard Owusu,gh GHA,MF,Vancouver,24,1997,9.7,0,3,1,33.3,0.31,0.1,0,0,30.2,0,0,0,0.1,0.1,0.03,-0.1,-0.1,Matches,a06c6c8a
542,Maarten Paes,nl NED,GK,FC Dallas,23,1998,32,0,0,0,,0,0,,,,0,0,0,0,0,,0,0,Matches,eb343262
543,Diego Palacios,ec ECU,DF,Los Angeles FC,22,1999,26.7,1,14,5,35.7,0.52,0.19,0.07,0.2,22.6,1,0,0,0.7,0.7,0.05,0.3,0.3,Matches,6ec37f2e
544,Victor Pálsson,is ISL,MFDF,D.C. United,30,1991,9.7,0,15,3,20,1.55,0.31,0,0,19.5,0,0,0,0.8,0.8,0.05,-0.8,-0.8,Matches,831cf3ac
545,Elliot Panicco,us USA,GK,Nashville,25,1996,2,0,0,0,,0,0,,,,0,0,0,0,0,,0,0,Matches,e93972ac
546,James Pantemis,ca CAN,GK,CF Montréal,24,1997,11,0,0,0,,0,0,,,,0,0,0,0,0,,0,0,Matches,901408ac
547,Cristhian Paredes,py PAR,MF,Portland Timbers,23,1998,18.5,2,22,7,31.8,1.19,0.38,0.05,0.14,18,0,1,1,3.6,2.8,0.13,-1.6,-1.8,Matches,0d8a2551
548,Tim Parker,us USA,DF,Houston Dynamo,28,1993,25,0,3,1,33.3,0.12,0.04,0,0,7.5,0,0,0,0.9,0.9,0.31,-0.9,-0.9,Matches,4988a44d
549,Keaton Parks,us USA,MF,NYCFC,24,1997,11.4,2,21,11,52.4,1.84,0.97,0.1,0.18,20.2,0,0,0,2,2,0.09,0,0,Matches,77986763
550,Tyler Pasher,ca CAN,FWMF,Houston Dynamo,27,1994,7,2,18,6,33.3,2.58,0.86,0.11,0.33,18.7,0,0,0,1.9,1.9,0.1,0.1,0.1,Matches,3a7bec1b
551,Alexandre Pato,br BRA,FWMF,Orlando City,32,1989,13.3,3,39,12,30.8,2.93,0.9,0.05,0.17,20.7,3,1,1,4.4,3.6,0.09,-1.4,-1.6,Matches,7dd83c7d
552,João Paulo Mior,br BRA,MF,Seattle,30,1991,5,1,6,1,16.7,1.19,0.2,0.17,1,22.2,1,0,0,0.3,0.3,0.05,0.7,0.7,Matches,b96aa1d6
553,Matías Pellegrini,ar ARG,DFFW,NYCFC,21,2000,0.7,0,3,0,0,4.29,0,0,,17.8,0,0,0,0.1,0.1,0.03,-0.1,-0.1,Matches,b59f0060
554,Jason Pendant,fr FRA,DFMF,NY Red Bulls,24,1997,0.9,0,1,0,0,1.14,0,0,,15.4,0,0,0,0.1,0.1,0.13,-0.1,-0.1,Matches,22fe9049
555,Andrés Perea,us USA,MFFW,Orlando City,21,2000,9,1,12,3,25,1.33,0.33,0.08,0.33,19,0,0,0,0.7,0.7,0.06,0.3,0.3,Matches,7e1dbecf
556,Daniel Pereira,ve VEN,MF,Austin,21,2000,23.2,2,20,7,35,0.86,0.3,0.1,0.29,23.4,0,0,0,1.2,1.2,0.06,0.8,0.8,Matches,b8862e65
557,Gabriel Pereira,br BRA,FW,NYCFC,20,2001,14.9,8,33,16,48.5,2.21,1.07,0.24,0.5,17.9,1,0,0,4.5,4.5,0.15,3.5,3.5,Matches,60c4ac82
558,Mauricio Pereyra,uy URU,MF,Orlando City,31,1990,28.1,1,32,9,28.1,1.14,0.32,0.03,0.11,24.2,5,0,1,2.9,2.1,0.06,-1.9,-1.1,Matches,f45eb18d
559,Adrien Perez,us USA,MF,D.C. United,26,1995,1.5,0,1,1,100,0.68,0.68,0,0,16.9,0,0,0,0.1,0.1,0.1,-0.1,-0.1,Matches,298a167b
560,Jonathan Perez,mx MEX,DF,LA Galaxy,19,2003,0.1,0,0,0,,0,0,,,,0,0,0,0,0,,0,0,Matches,41e57408
561,Jordan Perruzza,ca CAN,FWMF,Toronto FC,21,2001,2.6,0,8,2,25,3.1,0.78,0,0,17.4,0,0,0,0.4,0.4,0.04,-0.4,-0.4,Matches,edc8791f
562,Luca Petrasso,ca CAN,DFMF,Toronto FC,21,2000,18.7,0,9,3,33.3,0.48,0.16,0,0,19.9,0,0,0,0.7,0.7,0.08,-0.7,-0.7,Matches,fafeaf3d
563,Đorđe Petrović,rs SRB,GK,New England,22,1999,21,0,0,0,,0,0,,,,0,0,0,0,0,,0,0,Matches,0cf321c8
564,Fafà Picault,us USA,FW,Houston Dynamo,30,1991,26.2,7,56,21,37.5,2.14,0.8,0.09,0.24,17.2,0,2,2,7.8,6.2,0.11,-0.8,-1.2,Matches,dbaa10c0
565,Kayden Pierre,us USA,DF,Sporting KC,18,2003,10.6,0,1,0,0,0.09,0,0,,14.4,0,0,0,0.1,0.1,0.06,-0.1,-0.1,Matches,2f5f098b
566,Samuel Piette,ca CAN,MF,CF Montréal,27,1994,16.6,0,5,1,20,0.3,0.06,0,0,23.7,0,0,0,0.3,0.3,0.05,-0.3,-0.3,Matches,bc33c73b
567,Mauricio Pineda,us USA,MFDF,Chicago Fire,24,1997,22.2,1,15,3,20,0.68,0.14,0.07,0.33,18.4,0,0,0,1.5,1.5,0.1,-0.5,-0.5,Matches,e0c17cde
568,Donovan Pines,us USA,DF,D.C. United,23,1998,16.1,0,7,0,0,0.44,0,0,,13.2,0,0,0,0.7,0.6,0.09,-0.7,-0.6,Matches,7bd25363
569,Matt Polster,us USA,MF,New England,28,1993,23.5,2,17,8,47.1,0.72,0.34,0.12,0.25,17.7,0,0,0,1.6,1.6,0.09,0.4,0.4,Matches,d1d418f8
570,Paxton Pomykal,us USA,MF,FC Dallas,22,1999,27,0,21,3,14.3,0.78,0.11,0,0,18.5,0,0,0,1.1,1.1,0.05,-1.1,-1.1,Matches,c1f0fb45
571,Alvas Powell,jm JAM,DF,FC Cincinnati,27,1994,21.4,0,22,6,27.3,1.03,0.28,0,0,23.7,0,0,0,1.2,1.2,0.06,-1.2,-1.2,Matches,2f91124d
572,Alejandro Pozuelo,es ESP,MFFW,Toronto FC,30,1991,15.6,4,19,11,57.9,1.22,0.71,0.16,0.27,18.5,1,1,2,4.2,2.7,0.14,-0.2,0.3,Matches,5e1280ff
573,Alejandro Pozuelo,es ESP,MFFW,Inter Miami,30,1991,10.8,2,12,7,58.3,1.12,0.65,0.17,0.29,18,0,0,0,1.3,1.3,0.11,0.7,0.7,Matches,5e1280ff
574,Jack Price,eng ENG,MF,Colorado Rapids,29,1992,12.3,0,1,0,0,0.08,0,0,,26.7,0,0,0,0,0,0.04,0,0,Matches,6217c92d
575,Ralph Priso-Mbongue,ca CAN,MF,Toronto FC,19,2002,3.1,1,3,3,100,0.97,0.97,0.33,0.33,27.2,0,0,0,0.2,0.2,0.05,0.8,0.8,Matches,acb3e899
576,Ralph Priso-Mbongue,ca CAN,MF,Colorado Rapids,19,2002,2.1,0,0,0,,0,0,,,,0,0,0,0,0,,0,0,Matches,acb3e899
577,Kacper Przybyłko,pl POL,FW,Chicago Fire,28,1993,17.8,5,46,15,32.6,2.58,0.84,0.11,0.33,13.1,0,0,0,6.5,6.5,0.14,-1.5,-1.5,Matches,4c53a714
578,Riqui Puig,es ESP,MF,LA Galaxy,22,1999,9.2,3,24,9,37.5,2.62,0.98,0.08,0.22,23.2,1,1,2,3,1.4,0.06,0,0.6,Matches,f090a37a
579,John Pulskamp,us USA,GK,Sporting KC,20,2001,11.4,0,0,0,,0,0,,,,0,0,0,0,0,,0,0,Matches,6b306c92
580,Facundo Quignon,ar ARG,MF,FC Dallas,28,1993,14.3,1,11,3,27.3,0.77,0.21,0.09,0.33,18.3,0,0,0,1.2,1.2,0.11,-0.2,-0.2,Matches,5b33b84c
581,Nelson Quiñones,co COL,FW,Houston Dynamo,19,2002,1.4,0,2,2,100,1.48,1.48,0,0,20.6,0,0,0,0.1,0.1,0.05,-0.1,-0.1,Matches,a295f0b3
582,Joshué Quiñónez,ec ECU,DF,FC Dallas,21,2000,1.1,0,0,0,,0,0,,,,0,0,0,0,0,,0,0,Matches,c7305b1d
583,Darwin Quintero,co COL,MFFW,Houston Dynamo,34,1987,19.6,8,41,17,41.5,2.09,0.87,0.17,0.41,19.9,3,1,1,6,5.2,0.13,2,1.8,Matches,0cc00553
584,Jairo Quinteros,bo BOL,DF,Inter Miami,20,2001,3.1,0,1,0,0,0.32,0,0,,9.7,0,0,0,0.1,0.1,0.11,-0.1,-0.1,Matches,8363a7e8
585,Romell Quioto,hn HON,FW,CF Montréal,30,1991,22.7,15,71,30,42.3,3.12,1.32,0.15,0.37,15.6,5,4,5,14.8,10.9,0.15,0.2,0.1,Matches,122e850d
586,Jackson Ragen,us USA,DF,Seattle,23,1998,15.5,0,6,1,16.7,0.39,0.06,0,0,7.6,0,0,0,0.7,0.7,0.11,-0.7,-0.7,Matches,a3d67f70
587,Brooklyn Raines,us USA,MF,Houston Dynamo,16,2005,0.4,0,0,0,,0,0,,,,0,0,0,0,0,,0,0,Matches,b4caa0c5
588,Ryan Raposo,ca CAN,DF,Vancouver,22,1999,16,2,19,4,21.1,1.19,0.25,0.11,0.5,20.7,1,0,0,1.2,1.2,0.06,0.8,0.8,Matches,f006a9b3
589,Justin Rasmussen,us USA,DF,Portland Timbers,23,1998,7.2,0,4,1,25,0.56,0.14,0,0,20.4,0,0,0,0.2,0.2,0.05,-0.2,-0.2,Matches,989ecf23
590,Rayan Raveloson,mg MAD,MF,LA Galaxy,25,1997,19.8,3,33,9,27.3,1.67,0.45,0.09,0.33,19.6,1,0,0,4.3,4.3,0.13,-1.3,-1.3,Matches,fb3236a7
591,Matthew Real,us USA,MFDF,Philadelphia,22,1999,1.9,1,3,1,33.3,1.56,0.52,0.33,1,21,0,0,0,0.1,0.1,0.04,0.9,0.9,Matches,1c2c030a
592,Rodney Redes,py PAR,FWMF,Austin,21,2000,1.9,0,4,2,50,2.09,1.05,0,0,18,0,0,0,0.4,0.4,0.09,-0.4,-0.4,Matches,426c3982
593,Benjamin Redzic,us USA,MFFW,FC Dallas,19,2002,0.7,0,4,0,0,5.37,0,0,,20.1,0,0,0,0.3,0.3,0.07,-0.3,-0.3,Matches,ea8087aa
594,Pierre Reedy,us USA,MF,Real Salt Lake,24,1998,0.1,0,0,0,,0,0,,,,0,0,0,0,0,,0,0,Matches,903f2d95
595,Eric Remedi,ar ARG,MF,San Jose,26,1995,16,0,11,4,36.4,0.69,0.25,0,0,27.3,0,0,0,0.3,0.3,0.03,-0.3,-0.3,Matches,38e2cbd6
596,Justin Rennicks,us USA,FW,New England,22,1999,8.7,2,12,5,41.7,1.38,0.58,0.17,0.4,10.5,0,0,0,1.7,1.7,0.15,0.3,0.3,Matches,0aaa1c04
597,Ben Reveno,us USA,FW,New England,22,1999,0,0,0,0,,0,0,,,,0,0,0,0,0,,0,0,Matches,6f0a801a
598,Andrés Reyes,co COL,DF,NY Red Bulls,22,1999,7.7,0,4,2,50,0.52,0.26,0,0,10.2,0,0,0,0.3,0.3,0.07,-0.3,-0.3,Matches,36ab14f5
599,Yordy Reyna,pe PER,MFFW,Charlotte,28,1993,9.4,3,23,11,47.8,2.45,1.17,0.13,0.27,19.1,2,0,0,2.2,2.2,0.1,0.8,0.8,Matches,eec316d9
600,Andre Reynolds II,us USA,FWDF,Chicago Fire,20,2001,4.5,0,0,0,,0,0,,,,0,0,0,0,0,,0,0,Matches,d46dbe4f
601,Emanuel Reynoso,ar ARG,MFFW,Minnesota Utd,26,1995,28,10,73,24,32.9,2.61,0.86,0.1,0.29,25,19,3,4,7.8,4.5,0.06,2.2,2.5,Matches,614b26e3
602,Spencer Richey,us USA,GK,Chicago Fire,29,1992,1,0,0,0,,0,0,,,,0,0,0,0,0,,0,0,Matches,d9178ea2
603,Will Richmond,us USA,MFFW,San Jose,21,2000,0.5,0,1,0,0,2,0,0,,20.4,0,0,0,0,0,0.03,0,0,Matches,e46ee2e9
604,Tosaint Ricketts,ca CAN,FWDF,Vancouver,34,1987,5,4,11,6,54.5,2.2,1.2,0.36,0.67,12.8,0,0,0,2.5,2.5,0.23,1.5,1.5,Matches,54769358
605,Emiliano Rigoni,ar ARG,FW,Austin,28,1993,3.1,0,3,1,33.3,0.95,0.32,0,0,26.4,2,0,0,0.1,0.1,0.04,-0.1,-0.1,Matches,a1216563
606,Alexander Ring,fi FIN,MF,Austin,30,1991,30.9,4,41,15,36.6,1.33,0.49,0.1,0.27,15,0,0,0,5,5,0.12,-1,-1,Matches,6c1221d6
607,Rocco Ríos Novo,ar ARG,GK,Atlanta Utd,19,2002,15.5,0,0,0,,0,0,,,,0,0,0,0,0,,0,0,Matches,f59bd2d3
608,Damien Rivera,us USA,FWMF,New England,19,2002,4.6,1,7,3,42.9,1.51,0.65,0.14,0.33,11.7,0,0,0,0.9,0.9,0.13,0.1,0.1,Matches,2822f3dd
609,Nigel Robertha,nl NED,FWMF,D.C. United,23,1998,7.9,1,10,4,40,1.26,0.5,0.1,0.25,16.4,0,0,0,0.7,0.7,0.07,0.3,0.3,Matches,a94bad97
610,Miles Robinson,us USA,DF,Atlanta Utd,24,1997,7.3,0,3,0,0,0.41,0,0,,7.9,0,0,0,0.4,0.4,0.12,-0.4,-0.4,Matches,782a95d9
611,Robbie Robinson,us USA,FWMF,Inter Miami,23,1998,5.4,1,9,3,33.3,1.67,0.56,0.11,0.33,18.4,1,0,0,0.6,0.6,0.07,0.4,0.4,Matches,e0dae99f
612,Harrison Robledo,us USA,MFDF,FC Cincinnati,19,2002,0.5,0,0,0,,0,0,,,,0,0,0,0,0,,0,0,Matches,1f36ce15
613,Rodrigues,br BRA,DF,San Jose,24,1997,6.9,0,0,0,,0,0,,,,0,0,0,0,0,,0,0,Matches,67f5e064
614,Abraham Rodriguez,us USA,GK,Colorado Rapids,19,2002,0.5,0,0,0,,0,0,,,,0,0,0,0,0,,0,0,Matches,c7e14787
615,Brian Rodríguez,uy URU,FW,Los Angeles FC,21,2000,9.1,2,28,9,32.1,3.08,0.99,0.07,0.22,15.6,0,0,0,3.2,3.2,0.11,-1.2,-1.2,Matches,c86041d7
616,Emerson Rodríguez,co COL,FWMF,Inter Miami,21,2000,5.9,2,14,9,64.3,2.39,1.53,0.14,0.22,12.5,0,0,0,1.5,1.5,0.11,0.5,0.5,Matches,09e5ae16
617,Martín Rodríguez,cl CHI,FWMF,D.C. United,27,1994,10,0,5,0,0,0.5,0,0,,16.7,1,0,0,0.3,0.3,0.07,-0.3,-0.3,Matches,c075b5f0
618,Memo Rodriguez,us USA,MFFW,Houston Dynamo,26,1995,16.7,0,34,10,29.4,2.04,0.6,0,0,24.3,8,0,0,2.4,2.4,0.07,-2.4,-2.4,Matches,fc6c6b2b
619,Santiago Rodríguez,uy URU,MFFW,NYCFC,22,2000,27.3,4,50,17,34,1.83,0.62,0.08,0.24,16.9,3,0,0,7,7,0.14,-3,-3,Matches,86dff811
620,Alex Roldan,sv SLV,DF,Seattle,25,1996,29,1,9,3,33.3,0.31,0.1,0.11,0.33,24.1,0,0,0,0.4,0.4,0.04,0.6,0.6,Matches,1255a82a
621,Cristian Roldan,us USA,FWMF,Seattle,26,1995,23.4,4,36,13,36.1,1.54,0.56,0.11,0.31,14.9,0,0,0,3.8,3.8,0.11,0.2,0.2,Matches,48875649
622,Jhohan Romaña,co COL,DF,Austin,23,1998,3.7,0,2,0,0,0.54,0,0,,10.7,0,0,0,0.2,0.2,0.09,-0.2,-0.2,Matches,4e32c2d6
623,David Romney,us USA,DF,Nashville,28,1993,29.4,3,19,5,26.3,0.65,0.17,0.16,0.6,10.9,0,0,0,2.9,2.9,0.17,0.1,0.1,Matches,b7b6e781
624,Rafael Romo,ve VEN,GK,D.C. United,31,1990,13.5,0,0,0,,0,0,,,,0,0,0,0,0,,0,0,Matches,8827c189
625,Eloy Room,cw CUW,GK,Columbus Crew,32,1989,34,0,0,0,,0,0,,,,0,0,0,0,0,,0,0,Matches,6b33d86b
626,Joseph Rosales,hn HON,MF,Minnesota Utd,21,2000,11.7,0,13,3,23.1,1.11,0.26,0,0,26.4,2,0,0,0.6,0.6,0.04,-0.6,-0.6,Matches,6a29d06b
627,Oriol Rosell,es ESP,MF,Sporting KC,29,1992,10,0,3,0,0,0.3,0,0,,15.4,0,0,0,0.5,0.5,0.16,-0.5,-0.5,Matches,2a17ef3e
628,Keegan Rosenberry,us USA,DFMF,Colorado Rapids,28,1993,32.9,2,20,5,25,0.61,0.15,0.1,0.4,23.2,0,0,0,0.8,0.8,0.04,1.2,1.2,Matches,f940c69e
629,Matheus Rossetto,br BRA,MF,Atlanta Utd,25,1996,17.8,0,13,4,30.8,0.73,0.22,0,0,23.8,0,0,0,0.6,0.6,0.05,-0.6,-0.6,Matches,daf8c775
630,Paul Rothrock,us USA,FWDF,Toronto FC,23,1999,0.4,0,0,0,,0,0,,,,0,0,0,0,0,,0,0,Matches,875e8269
631,Kelyn Rowe,us USA,DFMF,Seattle,30,1991,14.5,1,13,3,23.1,0.9,0.21,0.08,0.33,22.3,0,0,0,0.8,0.8,0.06,0.2,0.2,Matches,cf928adb
632,Ruan,br BRA,DF,Orlando City,26,1995,27.3,2,8,4,50,0.29,0.15,0.25,0.5,17,0,0,0,0.7,0.7,0.09,1.3,1.3,Matches,f2665f7c
633,Rubio Rubin,gt GUA,FWMF,Real Salt Lake,25,1996,9.6,1,20,8,40,2.08,0.83,0.05,0.13,14.6,0,0,0,2.1,2.1,0.11,-1.1,-1.1,Matches,9bad7100
634,Diego Rubio,cl CHI,MFFW,Colorado Rapids,28,1993,27.1,16,89,35,39.3,3.29,1.29,0.13,0.34,20.3,9,4,4,12.4,9.2,0.1,3.6,2.8,Matches,3f082234
635,Raúl Ruidíaz,pe PER,FW,Seattle,31,1990,14.5,9,50,20,40,3.46,1.38,0.16,0.4,18.2,2,1,1,7.1,6.3,0.13,1.9,1.7,Matches,7a4296e1
636,Pablo Ruíz,ar ARG,MF,Real Salt Lake,23,1998,26.8,2,44,11,25,1.64,0.41,0.02,0.09,27.9,10,1,2,4.3,2.8,0.06,-2.3,-1.8,Matches,7368cd70
637,Sergio Ruiz,es ESP,MF,Charlotte,27,1994,8,1,6,2,33.3,0.75,0.25,0.17,0.5,18.3,0,0,0,0.9,0.9,0.15,0.1,0.1,Matches,1f423a54
638,Albert Rusnák,sk SVK,MF,Seattle,27,1994,28.9,3,42,9,21.4,1.45,0.31,0.07,0.33,20.3,5,0,0,2.6,2.6,0.06,0.4,0.4,Matches,0adeafaa
639,Johnny Russell,sct SCO,FWMF,Sporting KC,31,1990,30,8,61,17,27.9,2.03,0.57,0.08,0.29,20.5,7,3,4,8.1,4.9,0.08,-0.1,0.1,Matches,a30e1562
640,Jacen Russell-Rowe,ca CAN,FW,Columbus Crew,19,2002,2.5,0,4,1,25,1.58,0.39,0,0,13.8,0,0,0,0.4,0.4,0.11,-0.4,-0.4,Matches,b33c6ed5
641,Zach Ryan,us USA,FW,NY Red Bulls,23,1999,0.5,0,4,1,25,8.37,2.09,0,0,14.2,0,0,0,0.3,0.3,0.08,-0.3,-0.3,Matches,74ba46bc
642,Ryan Sailor,us USA,DF,Inter Miami,23,1998,16.9,0,6,1,16.7,0.36,0.06,0,0,8,0,0,0,0.9,0.9,0.14,-0.9,-0.9,Matches,4924d9bb
643,Carlos Salcedo,mx MEX,DF,Toronto FC,28,1993,12.8,0,3,1,33.3,0.23,0.08,0,0,17.1,1,0,0,0.2,0.2,0.07,-0.2,-0.2,Matches,64c07ae1
644,Adam Saldaña,us USA,MF,LA Galaxy,19,2002,0.1,0,0,0,,0,0,,,,0,0,0,0,0,,0,0,Matches,ca135560
645,Shea Salinas,us USA,FWDF,San Jose,35,1986,2.3,1,4,1,25,1.77,0.44,0.25,1,14.6,1,0,0,0.3,0.3,0.07,0.7,0.7,Matches,4c10838d
646,Dániel Sallói,hu HUN,FWMF,Sporting KC,25,1996,28.1,7,71,26,36.6,2.53,0.93,0.1,0.27,18.8,0,0,1,5.8,5,0.07,1.2,2,Matches,6fcddf5f
647,Gaoussou Samaké,ci CIV,DF,D.C. United,24,1997,1.2,0,0,0,,0,0,,,,0,0,0,0,0,,0,0,Matches,ae760cf4
648,Ilie Sánchez,es ESP,MF,Los Angeles FC,31,1990,29.7,1,16,4,25,0.54,0.13,0.06,0.25,15.4,0,0,0,1,1,0.06,0,0,Matches,72979f65
649,William Sands,us USA,DF,Columbus Crew,21,2000,7.1,0,3,0,0,0.42,0,0,,28.8,0,0,0,0.1,0.1,0.02,-0.1,-0.1,Matches,960a4473
650,Sergio Santos Gomes,br BRA,FW,Philadelphia,27,1994,6.8,1,13,3,23.1,1.92,0.44,0.08,0.33,14,0,0,0,1.7,1.7,0.13,-0.7,-0.7,Matches,a930b263
651,Sergio Santos Gomes,br BRA,FW,FC Cincinnati,27,1994,1.5,0,7,2,28.6,4.57,1.3,0,0,9.6,0,0,0,1.5,1.5,0.21,-1.5,-1.5,Matches,a930b263
652,Koa Santos,us USA,MF,Charlotte,22,1999,0.6,0,0,0,,0,0,,,,0,0,0,0,0,,0,0,Matches,c09ddc5e
653,Nuno Santos,pt POR,MFFW,Charlotte,22,1999,1.8,1,5,2,40,2.83,1.13,0.2,0.5,18.1,0,0,0,0.7,0.7,0.14,0.3,0.3,Matches,6fc57554
654,Pedro Santos,pt POR,DF,Columbus Crew,33,1988,25.9,1,20,3,15,0.77,0.12,0.05,0.33,23.1,1,0,1,1.8,1.1,0.05,-0.8,-0.1,Matches,789da0f2
655,C.J. Sapong,us USA,FW,Nashville,33,1988,27.4,5,51,15,29.4,1.86,0.55,0.1,0.33,12.5,0,0,0,8.1,8.1,0.16,-3.1,-3.1,Matches,ef4e4c5d
656,Jefferson Savarino,ve VEN,FWMF,Real Salt Lake,25,1996,16.9,7,55,21,38.2,3.25,1.24,0.13,0.33,20.5,3,0,0,4.5,4.5,0.08,2.5,2.5,Matches,91721722
657,Rodrigo Schlegel,ar ARG,DF,Orlando City,24,1997,24.1,1,10,1,10,0.42,0.04,0.1,1,16.1,0,0,0,1,1,0.1,0,0,Matches,5bb02df4
658,Tate Schmitt,us USA,DFMF,Real Salt Lake,24,1997,9.6,2,7,3,42.9,0.73,0.31,0.29,0.67,18,0,0,0,0.6,0.6,0.08,1.4,1.4,Matches,fa21bbc8
659,Alessandro Schöpf,at AUT,MF,Vancouver,27,1994,3.8,0,2,0,0,0.53,0,0,,12,0,0,0,0.2,0.2,0.11,-0.2,-0.2,Matches,106bca06
660,Eddie Segura,co COL,DF,Los Angeles FC,24,1997,9.2,0,3,1,33.3,0.33,0.11,0,0,17.4,0,0,0,0.2,0.2,0.07,-0.2,-0.2,Matches,c70e3fe0
661,Amar Sejdic,us USA,MF,Atlanta Utd,25,1996,14.5,0,13,4,30.8,0.9,0.28,0,0,29.6,1,0,0,0.4,0.4,0.03,-0.4,-0.4,Matches,43ca2019
662,Boris Sekulić,sk SVK,DF,Chicago Fire,30,1991,31.3,0,11,1,9.1,0.35,0.03,0,0,12.1,0,0,0,1.2,1.2,0.11,-1.2,-1.2,Matches,adf26bd4
663,Brandon Servania,us USA,MF,FC Dallas,22,1999,14.7,2,28,8,28.6,1.91,0.55,0.07,0.25,25.6,0,0,0,1.5,1.5,0.05,0.5,0.5,Matches,4d825a2d
664,Jacob Shaffelburg,ca CAN,DFFW,Toronto FC,22,1999,6.5,0,8,2,25,1.24,0.31,0,0,22.9,0,0,0,0.9,0.9,0.11,-0.9,-0.9,Matches,339a2561
665,Jacob Shaffelburg,ca CAN,MFFW,Nashville,22,1999,5.6,2,16,5,31.3,2.85,0.89,0.13,0.4,17.3,0,0,0,1.3,1.3,0.08,0.7,0.7,Matches,339a2561
666,Xherdan Shaqiri,ch SUI,MF,Chicago Fire,30,1991,25,7,47,12,25.5,1.88,0.48,0.06,0.25,23.5,11,4,4,6.6,3.4,0.07,0.4,-0.4,Matches,6421ec64
667,Brek Shea,us USA,DF,Inter Miami,31,1990,1.8,0,0,0,,0,0,,,,0,0,0,0,0,,0,0,Matches,adb6ae24
668,Khiry Shelton,us USA,FW,Sporting KC,28,1993,15.6,1,18,6,33.3,1.15,0.38,0.06,0.17,16.8,0,0,0,2.1,2.1,0.12,-1.1,-1.1,Matches,f935709c
669,Andre Shinyashiki,br BRA,FWMF,Colorado Rapids,26,1995,2.4,1,6,4,66.7,2.5,1.67,0.17,0.25,19.1,0,0,0,0.8,0.8,0.13,0.2,0.2,Matches,8c395868
670,Andre Shinyashiki,br BRA,MFFW,Charlotte,26,1995,9.4,6,28,13,46.4,2.99,1.39,0.21,0.46,15.5,0,0,0,3.7,3.7,0.13,2.3,2.3,Matches,8c395868
671,Bobby Shuttleworth,us USA,GK,Atlanta Utd,34,1987,6.2,0,0,0,,0,0,,,,0,0,0,0,0,,0,0,Matches,4598ac94
672,Marcelo Silva,uy URU,DF,Real Salt Lake,32,1989,30.8,2,26,7,26.9,0.84,0.23,0.08,0.29,11.3,0,0,0,2.1,2.1,0.08,-0.1,-0.1,Matches,b9596515
673,Pablo Sisniega,mx MEX,GK,Charlotte,26,1995,2,0,0,0,,0,0,,,,0,0,0,0,0,,0,0,Matches,5.51E+06
674,Jack Skahan,us USA,DFMF,San Jose,23,1998,1.1,1,1,1,100,0.94,0.94,1,1,13.3,0,0,0,0.1,0.1,0.1,0.9,0.9,Matches,9c07bdc7
675,Drew Skundrich,us USA,MFDF,D.C. United,26,1995,9.8,0,5,0,0,0.51,0,0,,24.4,0,0,0,0.2,0.2,0.03,-0.2,-0.2,Matches,51f50135
676,Gaga Slonina,us USA,GK,Chicago Fire,17,2004,32,0,0,0,,0,0,,,,0,0,0,0,0,,0,0,Matches,c55a846e
677,Brad Smith,au AUS,DF,D.C. United,27,1994,12.8,0,6,2,33.3,0.47,0.16,0,0,16,0,0,0,0.6,0.6,0.1,-0.6,-0.6,Matches,c76c717c
678,Kimarni Smith,eng ENG,DFMF,D.C. United,23,1998,4,1,8,3,37.5,2.01,0.75,0.13,0.33,18.3,0,0,0,0.8,0.8,0.1,0.2,0.2,Matches,bbbb244b
679,Kyle Smith,us USA,DF,Orlando City,30,1992,15.4,2,8,5,62.5,0.52,0.32,0.25,0.4,19.2,0,0,0,0.7,0.7,0.08,1.3,1.3,Matches,9e6b2ec3
680,Jan Sobociński,pl POL,DF,Charlotte,22,1999,4.2,0,1,0,0,0.24,0,0,,8,0,0,0,0.1,0.1,0.12,-0.1,-0.1,Matches,5358009d
681,Santiago Sosa,ar ARG,MF,Atlanta Utd,22,1999,15.7,1,22,3,13.6,1.41,0.19,0.05,0.33,19.7,0,0,0,1.2,1.2,0.05,-0.2,-0.2,Matches,f080dd22
682,Ryan Spaulding,us USA,DF,New England,23,1998,2.9,0,2,0,0,0.68,0,0,,22.4,0,0,0,0.1,0.1,0.04,-0.1,-0.1,Matches,9fda5cd3
683,Steven Sserwadda,ug UGA,MF,NY Red Bulls,19,2002,0.3,0,1,0,0,3.1,0,0,,27.8,0,0,0,0,0,0.03,0,0,Matches,bddc8df4
684,Dayne St. Clair,ca CAN,GK,Minnesota Utd,24,1997,31.5,0,0,0,,0,0,,,,0,0,0,0,0,,0,0,Matches,3f41d25f
685,Mason Stajduhar,us USA,GK,Orlando City,24,1997,2,0,0,0,,0,0,,,,0,0,0,0,0,,0,0,Matches,f01df62c
686,Daniel Steres,us USA,DF,Houston Dynamo,31,1990,14.9,2,7,3,42.9,0.47,0.2,0.29,0.67,9.2,0,0,0,1.1,1.1,0.15,0.9,0.9,Matches,17c03c76
687,Jared Stroud,us USA,MFFW,Austin,25,1996,0.5,0,0,0,,0,0,,,,0,0,0,0,0,,0,0,Matches,5d018899
688,Brad Stuver,us USA,GK,Austin,30,1991,30.1,0,0,0,,0,0,,,,0,0,0,0,0,,0,0,Matches,6a1940d5
689,Quinn Sullivan,us USA,FWMF,Philadelphia,17,2004,2.7,1,5,1,20,1.84,0.37,0.2,1,16.2,0,0,0,0.7,0.7,0.13,0.3,0.3,Matches,92f62cfe
690,Ben Sweat,us USA,DF,Sporting KC,30,1991,16.9,0,10,3,30,0.59,0.18,0,0,18.8,0,0,0,0.7,0.7,0.07,-0.7,-0.7,Matches,6937b1ac
691,Karol Świderski,pl POL,FWMF,Charlotte,25,1997,27.3,10,72,36,50,2.64,1.32,0.14,0.28,17.1,7,0,0,9.2,9.2,0.13,0.8,0.8,Matches,41723204
692,Nkosi Tafari,us USA,DF,FC Dallas,24,1997,14.7,0,4,0,0,0.27,0,0,,12.5,0,0,0,0.3,0.3,0.08,-0.3,-0.3,Matches,4a07ae31
693,Ismael Tajouri-Shradi,ly LBY,FWMF,Los Angeles FC,27,1994,1.9,2,4,2,50,2.16,1.08,0.5,1,18.3,1,0,0,0.6,0.6,0.14,1.4,1.4,Matches,ef4249ff
694,Andrew Tarbell,us USA,GK,Austin,28,1993,3.9,0,0,0,,0,0,,,,0,0,0,0,0,,0,0,Matches,c5487a34
695,D.J. Taylor,us USA,DF,Minnesota Utd,24,1997,23.2,1,14,3,21.4,0.6,0.13,0.07,0.33,22.4,0,0,0,0.7,0.7,0.05,0.3,0.3,Matches,ed4dc7f4
696,Robert Taylor,fi FIN,MFFW,Inter Miami,27,1994,24.7,3,40,13,32.5,1.62,0.53,0.08,0.23,19.4,0,0,0,3.7,3.7,0.09,-0.7,-0.7,Matches,1fc0973f
697,Russell Teibert,ca CAN,MF,Vancouver,29,1992,22.6,0,10,1,10,0.44,0.04,0,0,22,0,0,0,0.6,0.6,0.06,-0.6,-0.6,Matches,674befe9
698,Cristian Tello,es ESP,FWMF,Los Angeles FC,30,1991,1.1,0,4,3,75,3.67,2.76,0,0,18.2,0,0,0,0.2,0.2,0.06,-0.2,-0.2,Matches,72a99e38
699,Carlos Terán,co COL,DF,Chicago Fire,21,2000,18.6,1,12,5,41.7,0.65,0.27,0.08,0.2,13.1,0,0,0,1.7,1.7,0.14,-0.7,-0.7,Matches,3.25E+07
700,Dylan Teves,us USA,FWMF,Seattle,21,2000,1.1,1,1,1,100,0.89,0.89,1,1,7.7,0,0,0,0.4,0.4,0.42,0.6,0.6,Matches,f68ed3ba
701,Thiago,br BRA,FW,NYCFC,21,2000,15.6,5,33,15,45.5,2.11,0.96,0.15,0.33,16.8,0,0,0,5,5,0.15,0,0,Matches,6adb0b79
702,Thiaguinho,br BRA,FWMF,Houston Dynamo,20,2001,0.2,0,0,0,,0,0,,,,0,0,0,0,0,,0,0,Matches,e3550df1
703,Erik Thommy,de GER,MF,Sporting KC,27,1994,9.8,3,38,18,47.4,3.89,1.84,0.08,0.17,22.3,5,0,0,2.1,2.1,0.05,0.9,0.9,Matches,df8e7b62
704,Kosi Thompson,ca CAN,DFMF,Toronto FC,19,2003,18,1,11,5,45.5,0.61,0.28,0.09,0.2,17.8,0,0,0,0.8,0.8,0.07,0.2,0.2,Matches,517bef8b
705,Tommy Thompson,us USA,DF,San Jose,26,1995,14.7,1,11,2,18.2,0.75,0.14,0.09,0.5,12.6,0,0,0,1.1,1.1,0.1,-0.1,-0.1,Matches,5f6c69d8
706,Anton Tinnerholm,se SWE,DFMF,NYCFC,30,1991,6.4,0,5,1,20,0.78,0.16,0,0,24.6,0,0,0,0.2,0.2,0.03,-0.2,-0.2,Matches,0fe96099
707,John Tolkin,us USA,DFMF,NY Red Bulls,19,2002,30.5,1,33,8,24.2,1.08,0.26,0.03,0.13,23.4,3,0,0,1.6,1.6,0.05,-0.6,-0.6,Matches,5e88c524
708,Nouhou Tolo,cm CMR,DF,Seattle,24,1997,27.8,1,14,4,28.6,0.5,0.14,0.07,0.25,17.1,0,0,0,0.9,0.9,0.06,0.1,0.1,Matches,0796512f
709,Facundo Torres,uy URU,FWMF,Orlando City,21,2000,28.7,9,52,13,25,1.81,0.45,0.15,0.62,20.9,0,1,1,4.7,4,0.08,4.3,4,Matches,4de3b2c0
710,Jairo Torres,mx MEX,FWMF,Chicago Fire,21,2000,7.6,0,18,6,33.3,2.36,0.79,0,0,20.5,0,0,0,1.1,1.1,0.06,-1.1,-1.1,Matches,7ed56490
711,Joaquín Torres,ar ARG,MFFW,CF Montréal,25,1997,14.6,3,25,10,40,1.72,0.69,0.12,0.3,20.1,1,0,1,3.8,3,0.12,-0.8,0,Matches,c82dcb70
712,Dantouma Toure,gn GUI,FWMF,Colorado Rapids,17,2004,0.4,1,1,1,100,2.37,2.37,1,1,9.1,0,0,0,0.3,0.3,0.34,0.7,0.7,Matches,b5d2014f
713,Mason Toye,us USA,FW,CF Montréal,23,1998,8.1,2,20,7,35,2.48,0.87,0.1,0.29,12.9,0,0,0,3.1,3.1,0.15,-1.1,-1.1,Matches,0aa41f67
714,Wil Trapp,us USA,MF,Minnesota Utd,29,1993,23.6,0,11,3,27.3,0.47,0.13,0,0,27.6,0,0,0,0.3,0.3,0.03,-0.3,-0.3,Matches,9bf9391c
715,Miguel Trauco,pe PER,DF,San Jose,29,1992,1.5,0,1,0,0,0.66,0,0,,24.5,0,0,0,0,0,0.04,0,0,Matches,e4b72e34
716,Danny Trejo,us USA,FW,Los Angeles FC,23,1998,0.5,0,1,1,100,2,2,0,0,16.1,0,0,0,0.1,0.1,0.06,-0.1,-0.1,Matches,1312c534
717,Auston Trusty,us USA,DF,Colorado Rapids,23,1998,16,0,11,0,0,0.69,0,0,,16.7,0,0,0,0.8,0.8,0.07,-0.8,-0.8,Matches,cddf767b
718,Niko Tsakiris,us USA,MF,San Jose,16,2005,4.1,0,7,2,28.6,1.7,0.49,0,0,20.3,0,0,0,0.4,0.4,0.05,-0.4,-0.4,Matches,cb501677
719,Bill Tuiloma,nz NZL,DF,Portland Timbers,26,1995,25.1,6,47,12,25.5,1.88,0.48,0.13,0.5,20.3,14,0,0,3.7,3.7,0.08,2.3,2.3,Matches,bf547c54
720,Matt Turner,us USA,GK,New England,27,1994,5,0,0,0,,0,0,,,,0,0,0,0,0,,0,0,Matches,4a51ba65
721,Ema Twumasi,gh GHA,DF,FC Dallas,24,1997,23.4,0,10,2,20,0.43,0.09,0,0,15.1,0,0,0,0.8,0.8,0.08,-0.8,-0.8,Matches,9ca4b140
722,Marinos Tzionis,cy CYP,FWMF,Sporting KC,20,2001,8.7,1,22,8,36.4,2.54,0.92,0.05,0.13,19.4,2,0,0,2.1,2.1,0.1,-1.1,-1.1,Matches,b004076a
723,Mikael Uhre,dk DEN,FW,Philadelphia,27,1994,18,13,47,32,68.1,2.62,1.78,0.28,0.41,13.6,0,0,0,8.1,8.1,0.18,4.9,4.9,Matches,be84c466
724,Þorleifur Úlfarsson,is ISL,FW,Houston Dynamo,21,2000,13.4,4,38,16,42.1,2.85,1.2,0.11,0.25,12.7,0,0,0,5.6,5.6,0.15,-1.6,-1.6,Matches,7e1046fa
725,Victor Ulloa,us USA,MFDF,Inter Miami,29,1992,4.1,0,1,0,0,0.25,0,0,,15.1,0,0,0,0.1,0.1,0.11,-0.1,-0.1,Matches,e7056f05
726,Maximiliano Urruti,ar ARG,FW,Austin,30,1991,24.3,9,58,18,31,2.39,0.74,0.16,0.5,16.1,0,0,0,6.3,6.3,0.11,2.7,2.7,Matches,6c8fb474
727,Júnior Urso,br BRA,MFFW,Orlando City,32,1989,28.4,5,50,21,42,1.76,0.74,0.1,0.24,19,0,0,0,4.9,4.9,0.1,0.1,0.1,Matches,b40424f1
728,Jhojan Valencia,co COL,MF,Austin,25,1996,5.2,0,3,0,0,0.57,0,0,,32.9,0,0,0,0,0,0.01,0,0,Matches,3fbe573e
729,Zarek Valentin,pr PUR,DF,Houston Dynamo,30,1991,4.1,0,0,0,,0,0,,,,0,0,0,0,0,,0,0,Matches,f0d23e7b
730,Gustavo Vallecilla,ec ECU,DF,Colorado Rapids,22,1999,6.3,0,4,0,0,0.63,0,0,,18.5,0,0,0,0.2,0.2,0.04,-0.2,-0.2,Matches,2ce88662
731,José Van Rankin,mx MEX,DF,Portland Timbers,28,1993,21.3,1,12,4,33.3,0.56,0.19,0.08,0.25,23.3,0,0,0,0.8,0.8,0.06,0.2,0.2,Matches,09ce2ebe
732,Kerwin Vargas,co COL,FWMF,Charlotte,20,2002,7,0,17,8,47.1,2.42,1.14,0,0,20,0,0,0,0.9,0.9,0.06,-0.9,-0.9,Matches,758de7b4
733,Obed Vargas,us USA,MFFW,Seattle,16,2005,9.5,0,4,0,0,0.42,0,0,,22.1,0,0,0,0.3,0.3,0.07,-0.3,-0.3,Matches,9cc1fde4
734,Indiana Vassilev,us USA,FWMF,Inter Miami,20,2001,11.8,2,19,11,57.9,1.61,0.93,0.11,0.18,17.5,0,0,0,1.9,1.9,0.1,0.1,0.1,Matches,04e195ee
735,Brandon Vazquez,us USA,FW,FC Cincinnati,23,1998,30.4,18,82,40,48.8,2.69,1.31,0.22,0.45,13.5,0,0,0,14.9,14.9,0.18,3.1,3.1,Matches,c570cf22
736,Víctor Vázquez,es ESP,MFFW,LA Galaxy,35,1987,12.9,2,21,5,23.8,1.63,0.39,0.1,0.4,22.9,1,0,0,1.2,1.2,0.06,0.8,0.8,Matches,6c564d36
737,Carlos Vela,mx MEX,FWMF,Los Angeles FC,32,1989,25.8,12,56,20,35.7,2.17,0.78,0.14,0.4,19.6,6,4,5,9.4,5.4,0.1,2.6,2.6,Matches,e0cd04e0
738,Alan Velasco,ar ARG,FW,FC Dallas,19,2002,21.4,6,57,18,31.6,2.66,0.84,0.11,0.33,21.8,7,0,0,3.7,3.7,0.07,2.3,2.3,Matches,16349210
739,Matías Vera,ar ARG,MF,Houston Dynamo,26,1995,24.3,0,10,1,10,0.41,0.04,0,0,25,0,0,0,0.5,0.5,0.05,-0.5,-0.5,Matches,fe529f25
740,Ranko Veselinović,rs SRB,DF,Vancouver,22,1999,30.7,1,10,2,20,0.33,0.07,0.1,0.5,12.9,0,0,0,0.8,0.8,0.08,0.2,0.2,Matches,366609b6
741,Pedro Vite,ec ECU,MFFW,Vancouver,19,2002,13.3,2,14,4,28.6,1.06,0.3,0.14,0.5,17.5,0,0,0,1.5,1.5,0.11,0.5,0.5,Matches,9c146b36
742,Robert Voloder,ba BIH,DF,Sporting KC,20,2001,8,1,1,1,100,0.13,0.13,1,1,13.6,0,0,0,0,0,0.04,1,1,Matches,33d9d789
743,Giacomo Vrioni,al ALB,FW,New England,23,1998,2.8,1,9,2,22.2,3.23,0.72,0,0,12.6,0,1,1,2.2,1.8,0.2,-1.2,-1.8,Matches,bf4d31d3
744,Nikola Vujnović,me MNE,FW,Sporting KC,25,1997,3.7,0,5,3,60,1.35,0.81,0,0,13.2,0,0,0,0.7,0.7,0.14,-0.7,-0.7,Matches,128d62ba
745,Kai Wagner,de GER,DF,Philadelphia,24,1997,32.8,0,14,2,14.3,0.43,0.06,0,0,21.8,5,0,0,0.6,0.6,0.05,-0.6,-0.6,Matches,fdc715d9
746,Anton Walkes,eng ENG,DF,Charlotte,24,1997,20.1,0,5,1,20,0.25,0.05,0,0,15.2,0,0,0,0.2,0.2,0.04,-0.2,-0.2,Matches,8a062bba
747,Rémi Walter,fr FRA,MF,Sporting KC,26,1995,33,3,17,6,35.3,0.51,0.18,0.18,0.5,23.7,0,0,0,1.1,1.1,0.06,1.9,1.9,Matches,0984c5d5
748,Victor Wanyama,ke KEN,MF,CF Montréal,30,1991,29.3,1,36,6,16.7,1.23,0.21,0.03,0.17,17.5,0,0,0,3,3,0.08,-2,-2,Matches,e0900238
749,Collen Warner,us USA,MF,Colorado Rapids,33,1988,7.1,1,5,3,60,0.7,0.42,0.2,0.33,11.6,0,0,0,1.3,1.3,0.29,-0.3,-0.3,Matches,75babbce
750,Taylor Washington,us USA,DFMF,Nashville,28,1993,6.7,0,2,0,0,0.3,0,0,,17.9,0,0,0,0.1,0.1,0.03,-0.1,-0.1,Matches,480d3bcc
751,Joel Waterman,ca CAN,DF,CF Montréal,26,1996,29.7,3,12,7,58.3,0.4,0.24,0.25,0.43,9.9,0,0,0,2.7,2.7,0.23,0.3,0.3,Matches,47ddcc22
752,Quentin Westberg,us USA,GK,Toronto FC,35,1986,10,0,0,0,,0,0,,,,0,0,0,0,0,,0,0,Matches,5480ae05
753,Brian White,us USA,FW,Vancouver,25,1996,18.5,4,41,19,46.3,2.21,1.03,0.1,0.21,12.8,0,0,0,5.2,5.2,0.13,-1.2,-1.2,Matches,54c948de
754,Caleb Wiley,us USA,DFFW,Atlanta Utd,17,2004,16.6,1,8,3,37.5,0.48,0.18,0.13,0.33,11.9,0,0,0,1.3,1.3,0.16,-0.3,-0.3,Matches,64796fe0
755,Derrick Williams,ie IRL,DF,LA Galaxy,29,1993,23.9,0,15,3,20,0.63,0.13,0,0,12,0,0,0,1.6,1.6,0.11,-1.6,-1.6,Matches,c0a28fbd
756,Josh Williams,us USA,DF,Columbus Crew,33,1988,15.9,0,6,1,16.7,0.38,0.06,0,0,10,0,0,0,0.4,0.4,0.06,-0.4,-0.4,Matches,06098bfc
757,Thomas Williams,us USA,DF,Orlando City,17,2004,2,0,0,0,,0,0,,,,0,0,0,0,0,,0,0,Matches,d46d1cdd
758,Eryk Williamson,us USA,MF,Portland Timbers,24,1997,12.9,0,6,1,16.7,0.47,0.08,0,0,23.7,1,0,0,0.4,0.4,0.07,-0.4,-0.4,Matches,e0364352
759,Joe Willis,us USA,GK,Nashville,33,1988,32,0,0,0,,0,0,,,,0,0,0,0,0,,0,0,Matches,467f09c8
760,Danny Wilson,sct SCO,DF,Colorado Rapids,30,1991,23.3,0,15,4,26.7,0.64,0.17,0,0,10.3,0,0,0,1.4,1.4,0.1,-1.4,-1.4,Matches,9cfe9254
761,Owen Wolff,us USA,FWMF,Austin,17,2004,10.1,0,7,1,14.3,0.69,0.1,0,0,20.7,0,0,0,0.3,0.3,0.05,-0.3,-0.3,Matches,9edc70d6
762,Tyler Wolff,us USA,FWMF,Atlanta Utd,18,2003,2.8,0,4,2,50,1.42,0.71,0,0,19.2,0,0,0,0.3,0.3,0.08,-0.3,-0.3,Matches,0985c282
763,Bobby Wood,us USA,FW,Real Salt Lake,29,1992,10.9,3,26,12,46.2,2.38,1.1,0.12,0.25,10.8,0,0,0,3.6,3.6,0.14,-0.6,-0.6,Matches,9853983f
764,Darren Yapi,us USA,FWMF,Colorado Rapids,17,2004,1.9,0,8,4,50,4.16,2.08,0,0,16.6,0,0,0,0.7,0.7,0.09,-0.7,-0.7,Matches,63abd734
765,William Yarbrough,us USA,GK,Colorado Rapids,32,1989,33.5,0,0,0,,0,0,,,,0,0,0,0,0,,0,0,Matches,ec646e88
766,Dru Yearwood,eng ENG,MF,NY Red Bulls,21,2000,17.2,2,16,6,37.5,0.93,0.35,0.13,0.33,26.2,0,0,0,1.1,1.1,0.07,0.9,0.9,Matches,2eb09121
767,Steffen Yeattes,ca CAN,DFMF,Toronto FC,22,2000,0.4,0,0,0,,0,0,,,,0,0,0,0,0,,0,0,Matches,bf89f7a7
768,Yaw Yeboah,gh GHA,FW,Columbus Crew,24,1997,8.8,0,18,5,27.8,2.05,0.57,0,0,15.6,0,0,0,1.8,1.8,0.1,-1.8,-1.8,Matches,36292031
769,DeAndre Yedlin,us USA,DF,Inter Miami,28,1993,33.2,0,5,0,0,0.15,0,0,,22.2,0,0,0,0.2,0.2,0.03,-0.2,-0.2,Matches,ae0a7ddf
770,Griffin Yow,us USA,MFDF,D.C. United,19,2002,3,0,5,1,20,1.66,0.33,0,0,16.4,0,0,0,0.5,0.5,0.09,-0.5,-0.5,Matches,ddd5cf39
771,Jackson Yueill,us USA,MFDF,San Jose,24,1997,29.9,4,20,6,30,0.67,0.2,0.2,0.67,23.1,0,0,0,1.9,1.9,0.09,2.1,2.1,Matches,7dce16bf
772,Abdoul Zanne,ci CIV,FW,D.C. United,18,2003,0,0,1,0,0,22.5,0,0,,14.7,0,0,0,0.1,0.1,0.1,-0.1,-0.1,Matches,e5b49f0e
773,Gyasi Zardes,us USA,FW,Colorado Rapids,30,1991,22.9,9,46,14,30.4,2.01,0.61,0.17,0.57,10.5,0,1,1,10.2,9.4,0.2,-1.2,-1.4,Matches,09ae7f92
774,Gyasi Zardes,us USA,FW,Columbus Crew,30,1991,2.3,1,6,2,33.3,2.62,0.87,0.17,0.5,11,0,0,0,2,2,0.34,-1,-1,Matches,09ae7f92
775,Eriq Zavaleta,sv SLV,DFMF,LA Galaxy,29,1992,2.3,0,1,0,0,0.44,0,0,,27.7,0,0,0,0,0,0.04,0,0,Matches,edbfbb3f
776,Sean Zawadzki,us USA,MF,Columbus Crew,21,2000,3.2,1,1,1,100,0.31,0.31,1,1,27.4,0,0,0,0,0,0.03,1,1,Matches,380ee265
777,Zeca,br BRA,DF,Houston Dynamo,27,1994,12.6,0,5,2,40,0.4,0.16,0,0,29.3,0,0,0,0.1,0.1,0.02,-0.1,-0.1,Matches,c816eea6
778,Gedion Zelalem,us USA,MFFW,NYCFC,25,1997,2.2,0,1,1,100,0.46,0.46,0,0,27.1,0,0,0,0,0,0.05,0,0,Matches,b15ac68f
779,Lucas Zelarayán,am ARM,MFFW,Columbus Crew,29,1992,25.7,10,84,31,36.9,3.26,1.2,0.11,0.29,24.5,22,1,1,5.8,5.1,0.06,4.2,3.9,Matches,3ce30893
780,Walker Zimmerman,us USA,DF,Nashville,28,1993,28,4,29,13,44.8,1.04,0.46,0.14,0.31,10.1,0,0,0,3.8,3.8,0.13,0.2,0.2,Matches,220fa883
781,Rida Zouhir,ca CAN,MF,CF Montréal,18,2003,1.4,0,4,0,0,2.95,0,0,,29.5,0,0,0,0.1,0.1,0.02,-0.1,-0.1,Matches,e1e65f24
782,Ethan Zubak,us USA,FW,Nashville,23,1998,2.3,0,4,2,50,1.71,0.85,0,0,10.2,0,0,0,0.6,0.6,0.14,-0.6,-0.6,Matches,9f39b6cf
783,Dario Župarić,ba BIH,DF,Portland Timbers,29,1992,24.4,0,10,0,0,0.41,0,0,,11.8,0,0,0,0.6,0.6,0.06,-0.6,-0.6,Matches,c6f99e42
784,Graham Zusi,us USA,DF,Sporting KC,35,1986,18.4,2,13,4,30.8,0.71,0.22,0.15,0.5,25.7,0,0,0,0.5,0.5,0.04,1.5,1.5,Matches,9ba42447
785,Róbert Þorkelsson,is ISL,DFMF,CF Montréal,19,2002,1.9,0,0,0,,0,0,,,,0,0,0,0,0,,0,0,Matches,0eb8ad80